CREATE DATABASE  IF NOT EXISTS `mytexdb` /*!40100 DEFAULT CHARACTER SET utf8 */;
USE `mytexdb`;
-- MySQL dump 10.13  Distrib 5.7.12, for Win64 (x86_64)
--
-- Host: 127.0.0.1    Database: mytexdb
-- ------------------------------------------------------
-- Server version	5.7.17-log

/*!40101 SET @OLD_CHARACTER_SET_CLIENT=@@CHARACTER_SET_CLIENT */;
/*!40101 SET @OLD_CHARACTER_SET_RESULTS=@@CHARACTER_SET_RESULTS */;
/*!40101 SET @OLD_COLLATION_CONNECTION=@@COLLATION_CONNECTION */;
/*!40101 SET NAMES utf8 */;
/*!40103 SET @OLD_TIME_ZONE=@@TIME_ZONE */;
/*!40103 SET TIME_ZONE='+00:00' */;
/*!40014 SET @OLD_UNIQUE_CHECKS=@@UNIQUE_CHECKS, UNIQUE_CHECKS=0 */;
/*!40014 SET @OLD_FOREIGN_KEY_CHECKS=@@FOREIGN_KEY_CHECKS, FOREIGN_KEY_CHECKS=0 */;
/*!40101 SET @OLD_SQL_MODE=@@SQL_MODE, SQL_MODE='NO_AUTO_VALUE_ON_ZERO' */;
/*!40111 SET @OLD_SQL_NOTES=@@SQL_NOTES, SQL_NOTES=0 */;

--
-- Table structure for table `heurestravail`
--

DROP TABLE IF EXISTS `heurestravail`;
/*!40101 SET @saved_cs_client     = @@character_set_client */;
/*!40101 SET character_set_client = utf8 */;
CREATE TABLE `heurestravail` (
  `heureTravailId` int(11) NOT NULL AUTO_INCREMENT,
  `Dimanche` int(11) NOT NULL,
  `Jeudi` int(11) NOT NULL,
  `Lundi` int(11) NOT NULL,
  `Mardi` int(11) NOT NULL,
  `Mercredi` int(11) NOT NULL,
  `Samedi` int(11) NOT NULL,
  `Vendredi` int(11) NOT NULL,
  `byDefault` bit(1) NOT NULL,
  `debut` datetime DEFAULT NULL,
  `fin` datetime DEFAULT NULL,
  PRIMARY KEY (`heureTravailId`)
) ENGINE=InnoDB AUTO_INCREMENT=3 DEFAULT CHARSET=utf8;
/*!40101 SET character_set_client = @saved_cs_client */;

--
-- Dumping data for table `heurestravail`
--

LOCK TABLES `heurestravail` WRITE;
/*!40000 ALTER TABLE `heurestravail` DISABLE KEYS */;
INSERT INTO `heurestravail` VALUES (1,0,9,9,9,9,0,8,'',NULL,NULL),(2,0,7,7,7,7,0,7,'\0','2018-01-01 00:00:00','2018-01-31 00:00:00');
/*!40000 ALTER TABLE `heurestravail` ENABLE KEYS */;
UNLOCK TABLES;

--
-- Table structure for table `imputation`
--

DROP TABLE IF EXISTS `imputation`;
/*!40101 SET @saved_cs_client     = @@character_set_client */;
/*!40101 SET character_set_client = utf8 */;
CREATE TABLE `imputation` (
  `imputationId` bigint(20) NOT NULL AUTO_INCREMENT,
  `date` datetime DEFAULT NULL,
  `houres` int(11) NOT NULL,
  `IMPUTATION_LINE_ID` bigint(20) NOT NULL,
  `LOC_ID` int(11) NOT NULL,
  PRIMARY KEY (`imputationId`),
  KEY `FK6ajq2va0dw4d4n73s6atr7wco` (`IMPUTATION_LINE_ID`),
  KEY `FKqp05nuccuve657y608sxbeqog` (`LOC_ID`),
  CONSTRAINT `FK6ajq2va0dw4d4n73s6atr7wco` FOREIGN KEY (`IMPUTATION_LINE_ID`) REFERENCES `imputation_line` (`imputationLineId`),
  CONSTRAINT `FKqp05nuccuve657y608sxbeqog` FOREIGN KEY (`LOC_ID`) REFERENCES `location` (`locationId`)
) ENGINE=InnoDB AUTO_INCREMENT=1548 DEFAULT CHARSET=utf8;
/*!40101 SET character_set_client = @saved_cs_client */;

--
-- Dumping data for table `imputation`
--

LOCK TABLES `imputation` WRITE;
/*!40000 ALTER TABLE `imputation` DISABLE KEYS */;
INSERT INTO `imputation` VALUES (1,'2017-07-24 14:21:57',0,1,1),(2,'2017-07-24 14:21:57',0,2,1),(3,'2017-07-24 14:21:57',0,3,1),(4,'2017-07-24 14:21:57',0,4,1),(5,'2017-07-24 14:21:57',0,5,1),(6,'2017-07-24 14:21:57',0,6,1),(7,'2017-07-25 14:21:57',0,1,1),(8,'2017-07-25 14:21:57',10,2,1),(9,'2017-07-25 14:21:57',0,3,1),(10,'2017-07-25 14:21:57',0,4,1),(11,'2017-07-25 14:21:57',0,5,1),(12,'2017-07-25 14:21:57',0,6,1),(13,'2017-07-26 14:21:57',0,1,1),(14,'2017-07-26 14:21:57',0,2,1),(15,'2017-07-26 14:21:57',0,3,1),(16,'2017-07-26 14:21:57',0,4,1),(17,'2017-07-26 14:21:57',0,5,1),(18,'2017-07-26 14:21:57',0,6,1),(19,'2017-07-27 14:21:57',11,1,1),(20,'2017-07-27 14:21:57',0,2,1),(21,'2017-07-27 14:21:57',0,3,1),(22,'2017-07-27 14:21:57',0,4,1),(23,'2017-07-27 14:21:57',0,5,1),(24,'2017-07-27 14:21:57',0,6,1),(25,'2017-07-28 14:21:57',0,1,1),(26,'2017-07-28 14:21:57',0,2,1),(27,'2017-07-28 14:21:57',0,3,1),(28,'2017-07-28 14:21:57',0,4,1),(29,'2017-07-28 14:21:57',0,5,1),(30,'2017-07-28 14:21:57',0,6,1),(31,'2017-07-29 14:21:57',5,1,1),(32,'2017-07-29 14:21:57',0,2,1),(33,'2017-07-29 14:21:57',0,3,1),(34,'2017-07-29 14:21:57',0,4,1),(35,'2017-07-29 14:21:57',0,5,1),(36,'2017-07-29 14:21:57',0,6,1),(37,'2017-07-30 14:21:57',0,1,1),(38,'2017-07-30 14:21:57',0,2,1),(39,'2017-07-30 14:21:57',0,3,1),(40,'2017-07-30 14:21:57',0,4,1),(41,'2017-07-30 14:21:57',0,5,1),(42,'2017-07-30 14:21:57',0,6,1),(43,'2017-07-31 14:22:11',0,7,1),(44,'2017-07-31 14:22:11',0,8,1),(45,'2017-07-31 14:22:11',0,9,1),(46,'2017-07-31 14:22:11',0,10,1),(47,'2017-07-31 14:22:11',0,11,1),(48,'2017-07-31 14:22:11',0,12,1),(49,'2017-08-01 14:22:11',0,7,1),(50,'2017-08-01 14:22:11',0,8,1),(51,'2017-08-01 14:22:11',0,9,1),(52,'2017-08-01 14:22:11',0,10,1),(53,'2017-08-01 14:22:11',0,11,1),(54,'2017-08-01 14:22:11',0,12,1),(55,'2017-08-02 14:22:11',0,7,1),(56,'2017-08-02 14:22:11',0,8,1),(57,'2017-08-02 14:22:11',0,9,1),(58,'2017-08-02 14:22:11',0,10,1),(59,'2017-08-02 14:22:11',0,11,1),(60,'2017-08-02 14:22:11',0,12,1),(61,'2017-08-03 14:22:11',0,7,1),(62,'2017-08-03 14:22:11',0,8,1),(63,'2017-08-03 14:22:11',0,9,1),(64,'2017-08-03 14:22:11',0,10,1),(65,'2017-08-03 14:22:11',0,11,1),(66,'2017-08-03 14:22:11',0,12,1),(67,'2017-08-04 14:22:11',0,7,1),(68,'2017-08-04 14:22:11',0,8,1),(69,'2017-08-04 14:22:11',0,9,1),(70,'2017-08-04 14:22:11',0,10,1),(71,'2017-08-04 14:22:11',0,11,1),(72,'2017-08-04 14:22:11',0,12,1),(73,'2017-08-05 14:22:11',0,7,1),(74,'2017-08-05 14:22:11',0,8,1),(75,'2017-08-05 14:22:11',0,9,1),(76,'2017-08-05 14:22:11',0,10,1),(77,'2017-08-05 14:22:11',0,11,1),(78,'2017-08-05 14:22:11',0,12,1),(79,'2017-08-06 14:22:11',0,7,1),(80,'2017-08-06 14:22:11',0,8,1),(81,'2017-08-06 14:22:11',0,9,1),(82,'2017-08-06 14:22:11',0,10,1),(83,'2017-08-06 14:22:11',0,11,1),(84,'2017-08-06 14:22:11',0,12,1),(85,'2017-07-24 14:24:48',0,19,1),(86,'2017-07-25 14:24:48',0,19,1),(87,'2017-07-26 14:24:48',0,19,1),(88,'2017-07-27 14:24:48',0,19,1),(89,'2017-07-28 14:24:48',0,19,1),(90,'2017-07-29 14:24:48',0,19,1),(91,'2017-07-30 14:24:48',0,19,1),(92,'2017-07-31 17:24:09',0,20,1),(93,'2017-07-31 17:24:09',0,21,1),(94,'2017-07-31 17:24:09',0,22,1),(95,'2017-07-31 17:24:09',0,23,1),(96,'2017-07-31 17:24:09',0,24,1),(97,'2017-07-31 17:24:09',0,25,1),(98,'2017-08-01 17:24:09',0,20,1),(99,'2017-08-01 17:24:09',0,21,1),(100,'2017-08-01 17:24:09',0,22,1),(101,'2017-08-01 17:24:09',0,23,1),(102,'2017-08-01 17:24:09',0,24,1),(103,'2017-08-01 17:24:09',0,25,1),(104,'2017-08-02 17:24:09',0,20,1),(105,'2017-08-02 17:24:09',0,21,1),(106,'2017-08-02 17:24:09',0,22,1),(107,'2017-08-02 17:24:09',0,23,1),(108,'2017-08-02 17:24:09',0,24,1),(109,'2017-08-02 17:24:09',0,25,1),(110,'2017-08-03 17:24:09',0,20,1),(111,'2017-08-03 17:24:09',0,21,1),(112,'2017-08-03 17:24:09',0,22,1),(113,'2017-08-03 17:24:09',0,23,1),(114,'2017-08-03 17:24:09',0,24,1),(115,'2017-08-03 17:24:09',0,25,1),(116,'2017-08-04 17:24:09',0,20,1),(117,'2017-08-04 17:24:09',0,21,1),(118,'2017-08-04 17:24:09',0,22,1),(119,'2017-08-04 17:24:09',0,23,1),(120,'2017-08-04 17:24:09',0,24,1),(121,'2017-08-04 17:24:09',0,25,1),(122,'2017-08-05 17:24:09',0,20,1),(123,'2017-08-05 17:24:09',0,21,1),(124,'2017-08-05 17:24:09',0,22,1),(125,'2017-08-05 17:24:09',0,23,1),(126,'2017-08-05 17:24:09',0,24,1),(127,'2017-08-05 17:24:09',0,25,1),(128,'2017-08-06 17:24:09',0,20,1),(129,'2017-08-06 17:24:09',0,21,1),(130,'2017-08-06 17:24:09',0,22,1),(131,'2017-08-06 17:24:09',0,23,1),(132,'2017-08-06 17:24:09',0,24,1),(133,'2017-08-06 17:24:09',0,25,1),(134,'2017-07-17 17:24:09',0,26,1),(135,'2017-07-17 17:24:09',0,27,1),(136,'2017-07-17 17:24:09',0,28,1),(137,'2017-07-17 17:24:09',0,29,1),(138,'2017-07-17 17:24:09',0,30,1),(139,'2017-07-17 17:24:09',0,31,1),(140,'2017-07-17 17:24:09',0,32,1),(141,'2017-07-17 17:24:09',0,33,1),(142,'2017-07-17 17:24:09',0,34,1),(143,'2017-07-17 17:24:09',0,35,1),(144,'2017-07-17 17:24:09',0,36,1),(145,'2017-07-17 17:24:09',0,37,1),(146,'2017-07-18 17:24:09',0,26,1),(147,'2017-07-18 17:24:09',0,27,1),(148,'2017-07-18 17:24:09',0,28,1),(149,'2017-07-18 17:24:09',0,29,1),(150,'2017-07-18 17:24:09',0,30,1),(151,'2017-07-18 17:24:09',0,31,1),(152,'2017-07-18 17:24:09',0,32,1),(153,'2017-07-18 17:24:09',0,33,1),(154,'2017-07-18 17:24:09',0,34,1),(155,'2017-07-18 17:24:09',0,35,1),(156,'2017-07-18 17:24:09',0,36,1),(157,'2017-07-18 17:24:09',0,37,1),(158,'2017-07-19 17:24:09',0,26,1),(159,'2017-07-19 17:24:09',0,27,1),(160,'2017-07-19 17:24:09',0,28,1),(161,'2017-07-19 17:24:09',0,29,1),(162,'2017-07-19 17:24:09',0,30,1),(163,'2017-07-19 17:24:09',0,31,1),(164,'2017-07-19 17:24:09',0,32,1),(165,'2017-07-19 17:24:09',0,33,1),(166,'2017-07-19 17:24:09',0,34,1),(167,'2017-07-19 17:24:09',0,35,1),(168,'2017-07-19 17:24:09',0,36,1),(169,'2017-07-19 17:24:09',0,37,1),(170,'2017-07-20 17:24:09',0,26,1),(171,'2017-07-20 17:24:09',0,27,1),(172,'2017-07-20 17:24:09',0,28,1),(173,'2017-07-20 17:24:09',0,29,1),(174,'2017-07-20 17:24:09',0,30,1),(175,'2017-07-20 17:24:09',0,31,1),(176,'2017-07-20 17:24:09',0,32,1),(177,'2017-07-20 17:24:09',0,33,1),(178,'2017-07-20 17:24:09',0,34,1),(179,'2017-07-20 17:24:09',0,35,1),(180,'2017-07-20 17:24:09',0,36,1),(181,'2017-07-20 17:24:09',0,37,1),(182,'2017-07-21 17:24:09',0,26,1),(183,'2017-07-21 17:24:09',0,27,1),(184,'2017-07-21 17:24:09',0,28,1),(185,'2017-07-21 17:24:09',0,29,1),(186,'2017-07-21 17:24:09',0,30,1),(187,'2017-07-21 17:24:09',0,31,1),(188,'2017-07-21 17:24:09',0,32,1),(189,'2017-07-21 17:24:09',0,33,1),(190,'2017-07-21 17:24:09',0,34,1),(191,'2017-07-21 17:24:09',0,35,1),(192,'2017-07-21 17:24:09',0,36,1),(193,'2017-07-21 17:24:09',0,37,1),(194,'2017-07-22 17:24:09',0,26,1),(195,'2017-07-22 17:24:09',0,27,1),(196,'2017-07-22 17:24:09',0,28,1),(197,'2017-07-22 17:24:09',0,29,1),(198,'2017-07-22 17:24:09',0,30,1),(199,'2017-07-22 17:24:09',0,31,1),(200,'2017-07-22 17:24:09',0,32,1),(201,'2017-07-22 17:24:09',0,33,1),(202,'2017-07-22 17:24:09',0,34,1),(203,'2017-07-22 17:24:09',0,35,1),(204,'2017-07-22 17:24:09',0,36,1),(205,'2017-07-22 17:24:09',0,37,1),(206,'2017-07-23 17:24:09',0,26,1),(207,'2017-07-23 17:24:09',0,27,1),(208,'2017-07-23 17:24:09',0,28,1),(209,'2017-07-23 17:24:09',0,29,1),(210,'2017-07-23 17:24:09',0,30,1),(211,'2017-07-23 17:24:09',0,31,1),(212,'2017-07-23 17:24:09',0,32,1),(213,'2017-07-23 17:24:09',0,33,1),(214,'2017-07-23 17:24:09',0,34,1),(215,'2017-07-23 17:24:09',0,35,1),(216,'2017-07-23 17:24:09',0,36,1),(217,'2017-07-23 17:24:09',0,37,1),(218,'2017-07-10 17:24:09',0,38,1),(219,'2017-07-10 17:24:09',0,39,1),(220,'2017-07-10 17:24:09',0,40,1),(221,'2017-07-10 17:24:09',0,41,1),(222,'2017-07-10 17:24:09',0,42,1),(223,'2017-07-10 17:24:09',0,43,1),(224,'2017-07-10 17:24:09',0,44,1),(225,'2017-07-10 17:24:09',0,45,1),(226,'2017-07-10 17:24:09',0,46,1),(227,'2017-07-10 17:24:09',0,47,1),(228,'2017-07-10 17:24:09',0,48,1),(229,'2017-07-10 17:24:09',0,49,1),(230,'2017-07-11 17:24:09',0,38,1),(231,'2017-07-11 17:24:09',0,39,1),(232,'2017-07-11 17:24:09',0,40,1),(233,'2017-07-11 17:24:09',0,41,1),(234,'2017-07-11 17:24:09',0,42,1),(235,'2017-07-11 17:24:09',0,43,1),(236,'2017-07-11 17:24:09',0,44,1),(237,'2017-07-11 17:24:09',0,45,1),(238,'2017-07-11 17:24:09',0,46,1),(239,'2017-07-11 17:24:09',0,47,1),(240,'2017-07-11 17:24:09',0,48,1),(241,'2017-07-11 17:24:09',0,49,1),(242,'2017-07-12 17:24:09',0,38,1),(243,'2017-07-12 17:24:09',0,39,1),(244,'2017-07-12 17:24:09',0,40,1),(245,'2017-07-12 17:24:09',0,41,1),(246,'2017-07-12 17:24:09',0,42,1),(247,'2017-07-12 17:24:09',0,43,1),(248,'2017-07-12 17:24:09',0,44,1),(249,'2017-07-12 17:24:09',0,45,1),(250,'2017-07-12 17:24:09',0,46,1),(251,'2017-07-12 17:24:09',0,47,1),(252,'2017-07-12 17:24:09',0,48,1),(253,'2017-07-12 17:24:09',0,49,1),(254,'2017-07-13 17:24:09',0,38,1),(255,'2017-07-13 17:24:09',0,39,1),(256,'2017-07-13 17:24:09',0,40,1),(257,'2017-07-13 17:24:09',0,41,1),(258,'2017-07-13 17:24:09',0,42,1),(259,'2017-07-13 17:24:09',0,43,1),(260,'2017-07-13 17:24:09',0,44,1),(261,'2017-07-13 17:24:09',0,45,1),(262,'2017-07-13 17:24:09',0,46,1),(263,'2017-07-13 17:24:09',0,47,1),(264,'2017-07-13 17:24:09',0,48,1),(265,'2017-07-13 17:24:09',0,49,1),(266,'2017-07-14 17:24:09',0,38,1),(267,'2017-07-14 17:24:09',0,39,1),(268,'2017-07-14 17:24:09',0,40,1),(269,'2017-07-14 17:24:09',0,41,1),(270,'2017-07-14 17:24:09',0,42,1),(271,'2017-07-14 17:24:09',0,43,1),(272,'2017-07-14 17:24:09',0,44,1),(273,'2017-07-14 17:24:09',0,45,1),(274,'2017-07-14 17:24:09',0,46,1),(275,'2017-07-14 17:24:09',0,47,1),(276,'2017-07-14 17:24:09',0,48,1),(277,'2017-07-14 17:24:09',0,49,1),(278,'2017-07-15 17:24:09',0,38,1),(279,'2017-07-15 17:24:09',0,39,1),(280,'2017-07-15 17:24:09',0,40,1),(281,'2017-07-15 17:24:09',0,41,1),(282,'2017-07-15 17:24:09',0,42,1),(283,'2017-07-15 17:24:09',0,43,1),(284,'2017-07-15 17:24:09',0,44,1),(285,'2017-07-15 17:24:09',0,45,1),(286,'2017-07-15 17:24:09',0,46,1),(287,'2017-07-15 17:24:09',0,47,1),(288,'2017-07-15 17:24:09',0,48,1),(289,'2017-07-15 17:24:09',0,49,1),(290,'2017-07-16 17:24:09',0,38,1),(291,'2017-07-16 17:24:09',0,39,1),(292,'2017-07-16 17:24:09',0,40,1),(293,'2017-07-16 17:24:09',0,41,1),(294,'2017-07-16 17:24:09',0,42,1),(295,'2017-07-16 17:24:09',0,43,1),(296,'2017-07-16 17:24:09',0,44,1),(297,'2017-07-16 17:24:09',0,45,1),(298,'2017-07-16 17:24:09',0,46,1),(299,'2017-07-16 17:24:09',0,47,1),(300,'2017-07-16 17:24:09',0,48,1),(301,'2017-07-16 17:24:09',0,49,1),(302,'2017-07-24 09:38:15',0,50,1),(303,'2017-07-25 09:38:15',0,50,1),(304,'2017-07-26 09:38:15',0,50,1),(305,'2017-07-27 09:38:15',0,50,1),(306,'2017-07-28 09:38:15',0,50,1),(307,'2017-07-29 09:38:15',0,50,1),(308,'2017-07-30 09:38:15',0,50,1),(309,'2017-07-31 09:38:15',0,51,1),(310,'2017-08-01 09:38:15',0,51,1),(311,'2017-08-02 09:38:15',0,51,1),(312,'2017-08-03 09:38:15',0,51,1),(313,'2017-08-04 09:38:15',0,51,1),(314,'2017-08-05 09:38:15',0,51,1),(315,'2017-08-06 09:38:15',0,51,1),(316,'2017-07-31 09:50:12',0,52,1),(317,'2017-08-01 09:50:12',0,52,1),(318,'2017-08-02 09:50:12',0,52,1),(319,'2017-08-03 09:50:12',0,52,1),(320,'2017-08-04 09:50:12',0,52,1),(321,'2017-08-05 09:50:12',0,52,1),(322,'2017-08-06 09:50:12',0,52,1),(323,'2017-08-07 15:19:02',0,53,1),(324,'2017-08-07 15:19:02',0,54,1),(325,'2017-08-07 15:19:02',0,55,1),(326,'2017-08-07 15:19:02',0,56,1),(327,'2017-08-07 15:19:02',0,57,1),(328,'2017-08-07 15:19:02',0,58,1),(329,'2017-08-07 15:19:02',0,59,1),(330,'2017-08-07 15:19:02',0,60,1),(331,'2017-08-07 15:19:02',0,61,1),(332,'2017-08-07 15:19:02',0,62,1),(333,'2017-08-07 15:19:02',0,63,1),(334,'2017-08-07 15:19:02',0,64,1),(335,'2017-08-08 15:19:02',0,53,1),(336,'2017-08-08 15:19:02',0,54,1),(337,'2017-08-08 15:19:02',0,55,1),(338,'2017-08-08 15:19:02',0,56,1),(339,'2017-08-08 15:19:02',0,57,1),(340,'2017-08-08 15:19:02',0,58,1),(341,'2017-08-08 15:19:02',0,59,1),(342,'2017-08-08 15:19:02',0,60,1),(343,'2017-08-08 15:19:02',0,61,1),(344,'2017-08-08 15:19:02',0,62,1),(345,'2017-08-08 15:19:02',0,63,1),(346,'2017-08-08 15:19:02',0,64,1),(347,'2017-08-09 15:19:02',0,53,1),(348,'2017-08-09 15:19:02',0,54,1),(349,'2017-08-09 15:19:02',0,55,1),(350,'2017-08-09 15:19:02',0,56,1),(351,'2017-08-09 15:19:02',0,57,1),(352,'2017-08-09 15:19:02',0,58,1),(353,'2017-08-09 15:19:02',0,59,1),(354,'2017-08-09 15:19:02',0,60,1),(355,'2017-08-09 15:19:02',0,61,1),(356,'2017-08-09 15:19:02',0,62,1),(357,'2017-08-09 15:19:02',0,63,1),(358,'2017-08-09 15:19:02',0,64,1),(359,'2017-08-10 15:19:02',0,53,1),(360,'2017-08-10 15:19:02',0,54,1),(361,'2017-08-10 15:19:02',0,55,1),(362,'2017-08-10 15:19:02',0,56,1),(363,'2017-08-10 15:19:02',0,57,1),(364,'2017-08-10 15:19:02',0,58,1),(365,'2017-08-10 15:19:02',0,59,1),(366,'2017-08-10 15:19:02',0,60,1),(367,'2017-08-10 15:19:02',0,61,1),(368,'2017-08-10 15:19:02',0,62,1),(369,'2017-08-10 15:19:02',0,63,1),(370,'2017-08-10 15:19:02',0,64,1),(371,'2017-08-11 15:19:02',0,53,1),(372,'2017-08-11 15:19:02',0,54,1),(373,'2017-08-11 15:19:02',0,55,1),(374,'2017-08-11 15:19:02',0,56,1),(375,'2017-08-11 15:19:02',0,57,1),(376,'2017-08-11 15:19:02',0,58,1),(377,'2017-08-11 15:19:02',0,59,1),(378,'2017-08-11 15:19:02',0,60,1),(379,'2017-08-11 15:19:02',0,61,1),(380,'2017-08-11 15:19:02',0,62,1),(381,'2017-08-11 15:19:02',0,63,1),(382,'2017-08-11 15:19:02',0,64,1),(383,'2017-08-12 15:19:02',0,53,1),(384,'2017-08-12 15:19:02',0,54,1),(385,'2017-08-12 15:19:02',0,55,1),(386,'2017-08-12 15:19:02',0,56,1),(387,'2017-08-12 15:19:02',0,57,1),(388,'2017-08-12 15:19:02',0,58,1),(389,'2017-08-12 15:19:02',0,59,1),(390,'2017-08-12 15:19:02',0,60,1),(391,'2017-08-12 15:19:02',0,61,1),(392,'2017-08-12 15:19:02',0,62,1),(393,'2017-08-12 15:19:02',0,63,1),(394,'2017-08-12 15:19:02',0,64,1),(395,'2017-08-13 15:19:02',0,53,1),(396,'2017-08-13 15:19:02',0,54,1),(397,'2017-08-13 15:19:02',0,55,1),(398,'2017-08-13 15:19:02',0,56,1),(399,'2017-08-13 15:19:02',0,57,1),(400,'2017-08-13 15:19:02',0,58,1),(401,'2017-08-13 15:19:02',0,59,1),(402,'2017-08-13 15:19:02',0,60,1),(403,'2017-08-13 15:19:02',0,61,1),(404,'2017-08-13 15:19:02',0,62,1),(405,'2017-08-13 15:19:02',0,63,1),(406,'2017-08-13 15:19:02',0,64,1),(407,'2017-08-07 17:18:54',0,65,1),(408,'2017-08-08 17:18:54',0,65,1),(409,'2017-08-09 17:18:54',0,65,1),(410,'2017-08-10 17:18:54',0,65,1),(411,'2017-08-11 17:18:54',0,65,1),(412,'2017-08-12 17:18:54',0,65,1),(413,'2017-08-13 17:18:54',0,65,1),(414,'2017-08-14 13:18:10',0,66,1),(415,'2017-08-14 13:18:10',0,67,1),(416,'2017-08-14 13:18:10',0,68,1),(417,'2017-08-14 13:18:10',0,69,1),(418,'2017-08-14 13:18:10',0,70,1),(419,'2017-08-14 13:18:10',0,71,1),(420,'2017-08-14 13:18:10',0,72,1),(421,'2017-08-14 13:18:10',0,73,1),(422,'2017-08-14 13:18:10',0,74,1),(423,'2017-08-14 13:18:10',0,75,1),(424,'2017-08-14 13:18:10',0,76,1),(425,'2017-08-14 13:18:10',0,77,1),(426,'2017-08-14 13:18:10',0,78,1),(427,'2017-08-15 13:18:10',0,66,1),(428,'2017-08-15 13:18:10',0,67,1),(429,'2017-08-15 13:18:10',0,68,1),(430,'2017-08-15 13:18:10',0,69,1),(431,'2017-08-15 13:18:10',0,70,1),(432,'2017-08-15 13:18:10',0,71,1),(433,'2017-08-15 13:18:10',0,72,1),(434,'2017-08-15 13:18:10',0,73,1),(435,'2017-08-15 13:18:10',0,74,1),(436,'2017-08-15 13:18:10',0,75,1),(437,'2017-08-15 13:18:10',0,76,1),(438,'2017-08-15 13:18:10',0,77,1),(439,'2017-08-15 13:18:10',0,78,1),(440,'2017-08-16 13:18:10',0,66,1),(441,'2017-08-16 13:18:10',0,67,1),(442,'2017-08-16 13:18:10',0,68,1),(443,'2017-08-16 13:18:10',0,69,1),(444,'2017-08-16 13:18:10',0,70,1),(445,'2017-08-16 13:18:10',0,71,1),(446,'2017-08-16 13:18:10',0,72,1),(447,'2017-08-16 13:18:10',0,73,1),(448,'2017-08-16 13:18:10',0,74,1),(449,'2017-08-16 13:18:10',0,75,1),(450,'2017-08-16 13:18:10',0,76,1),(451,'2017-08-16 13:18:10',0,77,1),(452,'2017-08-16 13:18:10',0,78,1),(453,'2017-08-17 13:18:10',0,66,1),(454,'2017-08-17 13:18:10',0,67,1),(455,'2017-08-17 13:18:10',0,68,1),(456,'2017-08-17 13:18:10',0,69,1),(457,'2017-08-17 13:18:10',0,70,1),(458,'2017-08-17 13:18:10',0,71,1),(459,'2017-08-17 13:18:10',0,72,1),(460,'2017-08-17 13:18:10',0,73,1),(461,'2017-08-17 13:18:10',0,74,1),(462,'2017-08-17 13:18:10',0,75,1),(463,'2017-08-17 13:18:10',0,76,1),(464,'2017-08-17 13:18:10',0,77,1),(465,'2017-08-17 13:18:10',0,78,1),(466,'2017-08-18 13:18:10',0,66,1),(467,'2017-08-18 13:18:10',0,67,1),(468,'2017-08-18 13:18:10',0,68,1),(469,'2017-08-18 13:18:10',0,69,1),(470,'2017-08-18 13:18:10',0,70,1),(471,'2017-08-18 13:18:10',0,71,1),(472,'2017-08-18 13:18:10',0,72,1),(473,'2017-08-18 13:18:10',0,73,1),(474,'2017-08-18 13:18:10',0,74,1),(475,'2017-08-18 13:18:10',0,75,1),(476,'2017-08-18 13:18:10',0,76,1),(477,'2017-08-18 13:18:10',0,77,1),(478,'2017-08-18 13:18:10',0,78,1),(479,'2017-08-19 13:18:10',0,66,1),(480,'2017-08-19 13:18:10',0,67,1),(481,'2017-08-19 13:18:10',0,68,1),(482,'2017-08-19 13:18:10',0,69,1),(483,'2017-08-19 13:18:10',0,70,1),(484,'2017-08-19 13:18:10',0,71,1),(485,'2017-08-19 13:18:10',0,72,1),(486,'2017-08-19 13:18:10',0,73,1),(487,'2017-08-19 13:18:10',0,74,1),(488,'2017-08-19 13:18:10',0,75,1),(489,'2017-08-19 13:18:10',0,76,1),(490,'2017-08-19 13:18:10',0,77,1),(491,'2017-08-19 13:18:10',0,78,1),(492,'2017-08-20 13:18:10',0,66,1),(493,'2017-08-20 13:18:10',0,67,1),(494,'2017-08-20 13:18:10',0,68,1),(495,'2017-08-20 13:18:10',0,69,1),(496,'2017-08-20 13:18:10',0,70,1),(497,'2017-08-20 13:18:10',0,71,1),(498,'2017-08-20 13:18:10',0,72,1),(499,'2017-08-20 13:18:10',0,73,1),(500,'2017-08-20 13:18:10',0,74,1),(501,'2017-08-20 13:18:10',0,75,1),(502,'2017-08-20 13:18:10',0,76,1),(503,'2017-08-20 13:18:10',0,77,1),(504,'2017-08-20 13:18:10',0,78,1),(505,'2017-08-14 13:46:35',0,79,1),(506,'2017-08-15 13:46:35',0,79,1),(507,'2017-08-16 13:46:35',0,79,1),(508,'2017-08-17 13:46:35',0,79,1),(509,'2017-08-18 13:46:35',0,79,1),(510,'2017-08-19 13:46:35',0,79,1),(511,'2017-08-20 13:46:35',0,79,1),(512,'2017-08-21 13:49:58',0,80,1),(513,'2017-08-21 13:49:58',0,81,1),(514,'2017-08-21 13:49:58',0,82,1),(515,'2017-08-21 13:49:58',0,83,1),(516,'2017-08-21 13:49:58',0,84,1),(517,'2017-08-21 13:49:58',0,85,1),(518,'2017-08-21 13:49:58',0,86,1),(519,'2017-08-21 13:49:58',0,87,1),(520,'2017-08-21 13:49:58',10,88,1),(521,'2017-08-21 13:49:58',0,89,1),(522,'2017-08-21 13:49:58',0,90,1),(523,'2017-08-21 13:49:58',0,91,1),(524,'2017-08-21 13:49:58',0,92,1),(525,'2017-08-22 13:49:58',0,80,1),(526,'2017-08-22 13:49:58',0,81,1),(527,'2017-08-22 13:49:58',0,82,1),(528,'2017-08-22 13:49:58',0,83,1),(529,'2017-08-22 13:49:58',0,84,1),(530,'2017-08-22 13:49:58',0,85,1),(531,'2017-08-22 13:49:58',0,86,1),(532,'2017-08-22 13:49:58',0,87,1),(533,'2017-08-22 13:49:58',0,88,1),(534,'2017-08-22 13:49:58',0,89,1),(535,'2017-08-22 13:49:58',0,90,1),(536,'2017-08-22 13:49:58',0,91,1),(537,'2017-08-22 13:49:58',0,92,1),(538,'2017-08-23 13:49:58',0,80,1),(539,'2017-08-23 13:49:58',0,81,1),(540,'2017-08-23 13:49:58',0,82,1),(541,'2017-08-23 13:49:58',0,83,1),(542,'2017-08-23 13:49:58',0,84,1),(543,'2017-08-23 13:49:58',0,85,1),(544,'2017-08-23 13:49:58',0,86,1),(545,'2017-08-23 13:49:58',0,87,1),(546,'2017-08-23 13:49:58',0,88,1),(547,'2017-08-23 13:49:58',0,89,1),(548,'2017-08-23 13:49:58',0,90,1),(549,'2017-08-23 13:49:58',0,91,1),(550,'2017-08-23 13:49:58',0,92,1),(551,'2017-08-24 13:49:58',0,80,1),(552,'2017-08-24 13:49:58',0,81,1),(553,'2017-08-24 13:49:58',0,82,1),(554,'2017-08-24 13:49:58',0,83,1),(555,'2017-08-24 13:49:58',0,84,1),(556,'2017-08-24 13:49:58',0,85,1),(557,'2017-08-24 13:49:58',0,86,1),(558,'2017-08-24 13:49:58',0,87,1),(559,'2017-08-24 13:49:58',0,88,1),(560,'2017-08-24 13:49:58',0,89,1),(561,'2017-08-24 13:49:58',0,90,1),(562,'2017-08-24 13:49:58',0,91,1),(563,'2017-08-24 13:49:58',0,92,1),(564,'2017-08-25 13:49:58',0,80,1),(565,'2017-08-25 13:49:58',0,81,1),(566,'2017-08-25 13:49:58',0,82,1),(567,'2017-08-25 13:49:58',0,83,1),(568,'2017-08-25 13:49:58',0,84,1),(569,'2017-08-25 13:49:58',0,85,1),(570,'2017-08-25 13:49:58',0,86,1),(571,'2017-08-25 13:49:58',0,87,1),(572,'2017-08-25 13:49:58',0,88,1),(573,'2017-08-25 13:49:58',0,89,1),(574,'2017-08-25 13:49:58',0,90,1),(575,'2017-08-25 13:49:58',0,91,1),(576,'2017-08-25 13:49:58',0,92,1),(577,'2017-08-26 13:49:58',0,80,1),(578,'2017-08-26 13:49:58',0,81,1),(579,'2017-08-26 13:49:58',0,82,1),(580,'2017-08-26 13:49:58',0,83,1),(581,'2017-08-26 13:49:58',0,84,1),(582,'2017-08-26 13:49:58',0,85,1),(583,'2017-08-26 13:49:58',0,86,1),(584,'2017-08-26 13:49:58',0,87,1),(585,'2017-08-26 13:49:58',0,88,1),(586,'2017-08-26 13:49:58',0,89,1),(587,'2017-08-26 13:49:58',0,90,1),(588,'2017-08-26 13:49:58',0,91,1),(589,'2017-08-26 13:49:58',0,92,1),(590,'2017-08-27 13:49:58',0,80,1),(591,'2017-08-27 13:49:58',0,81,1),(592,'2017-08-27 13:49:58',0,82,1),(593,'2017-08-27 13:49:58',0,83,1),(594,'2017-08-27 13:49:58',0,84,1),(595,'2017-08-27 13:49:58',0,85,1),(596,'2017-08-27 13:49:58',0,86,1),(597,'2017-08-27 13:49:58',0,87,1),(598,'2017-08-27 13:49:58',0,88,1),(599,'2017-08-27 13:49:58',0,89,1),(600,'2017-08-27 13:49:58',0,90,1),(601,'2017-08-27 13:49:58',0,91,1),(602,'2017-08-27 13:49:58',0,92,1),(603,'2017-08-28 13:49:58',0,93,1),(604,'2017-08-28 13:49:58',0,94,1),(605,'2017-08-28 13:49:58',0,95,1),(606,'2017-08-28 13:49:58',0,96,1),(607,'2017-08-28 13:49:58',0,97,1),(608,'2017-08-28 13:49:58',0,98,1),(609,'2017-08-28 13:49:58',0,99,1),(610,'2017-08-28 13:49:58',0,100,1),(611,'2017-08-28 13:49:58',0,101,1),(612,'2017-08-28 13:49:58',0,102,1),(613,'2017-08-28 13:49:58',0,103,1),(614,'2017-08-28 13:49:58',0,104,1),(615,'2017-08-28 13:49:58',0,105,1),(616,'2017-08-29 13:49:58',0,93,1),(617,'2017-08-29 13:49:58',0,94,1),(618,'2017-08-29 13:49:58',0,95,1),(619,'2017-08-29 13:49:58',0,96,1),(620,'2017-08-29 13:49:58',0,97,1),(621,'2017-08-29 13:49:58',0,98,1),(622,'2017-08-29 13:49:58',0,99,1),(623,'2017-08-29 13:49:58',0,100,1),(624,'2017-08-29 13:49:58',0,101,1),(625,'2017-08-29 13:49:58',0,102,1),(626,'2017-08-29 13:49:58',0,103,1),(627,'2017-08-29 13:49:58',0,104,1),(628,'2017-08-29 13:49:58',0,105,1),(629,'2017-08-30 13:49:58',0,93,1),(630,'2017-08-30 13:49:58',0,94,1),(631,'2017-08-30 13:49:58',0,95,1),(632,'2017-08-30 13:49:58',0,96,1),(633,'2017-08-30 13:49:58',0,97,1),(634,'2017-08-30 13:49:58',0,98,1),(635,'2017-08-30 13:49:58',0,99,1),(636,'2017-08-30 13:49:58',0,100,1),(637,'2017-08-30 13:49:58',0,101,1),(638,'2017-08-30 13:49:58',0,102,1),(639,'2017-08-30 13:49:58',0,103,1),(640,'2017-08-30 13:49:58',0,104,1),(641,'2017-08-30 13:49:58',0,105,1),(642,'2017-08-31 13:49:58',0,93,1),(643,'2017-08-31 13:49:58',0,94,1),(644,'2017-08-31 13:49:58',0,95,1),(645,'2017-08-31 13:49:58',0,96,1),(646,'2017-08-31 13:49:58',0,97,1),(647,'2017-08-31 13:49:58',0,98,1),(648,'2017-08-31 13:49:58',0,99,1),(649,'2017-08-31 13:49:58',0,100,1),(650,'2017-08-31 13:49:58',0,101,1),(651,'2017-08-31 13:49:58',0,102,1),(652,'2017-08-31 13:49:58',0,103,1),(653,'2017-08-31 13:49:58',0,104,1),(654,'2017-08-31 13:49:58',0,105,1),(655,'2017-09-01 13:49:58',0,93,1),(656,'2017-09-01 13:49:58',0,94,1),(657,'2017-09-01 13:49:58',0,95,1),(658,'2017-09-01 13:49:58',0,96,1),(659,'2017-09-01 13:49:58',0,97,1),(660,'2017-09-01 13:49:58',0,98,1),(661,'2017-09-01 13:49:58',0,99,1),(662,'2017-09-01 13:49:58',0,100,1),(663,'2017-09-01 13:49:58',0,101,1),(664,'2017-09-01 13:49:58',0,102,1),(665,'2017-09-01 13:49:58',0,103,1),(666,'2017-09-01 13:49:58',0,104,1),(667,'2017-09-01 13:49:58',0,105,1),(668,'2017-09-02 13:49:58',0,93,1),(669,'2017-09-02 13:49:58',0,94,1),(670,'2017-09-02 13:49:58',0,95,1),(671,'2017-09-02 13:49:58',0,96,1),(672,'2017-09-02 13:49:58',0,97,1),(673,'2017-09-02 13:49:58',0,98,1),(674,'2017-09-02 13:49:58',0,99,1),(675,'2017-09-02 13:49:58',0,100,1),(676,'2017-09-02 13:49:58',0,101,1),(677,'2017-09-02 13:49:58',0,102,1),(678,'2017-09-02 13:49:58',0,103,1),(679,'2017-09-02 13:49:58',0,104,1),(680,'2017-09-02 13:49:58',0,105,1),(681,'2017-09-03 13:49:58',0,93,1),(682,'2017-09-03 13:49:58',0,94,1),(683,'2017-09-03 13:49:58',0,95,1),(684,'2017-09-03 13:49:58',0,96,1),(685,'2017-09-03 13:49:58',0,97,1),(686,'2017-09-03 13:49:58',0,98,1),(687,'2017-09-03 13:49:58',0,99,1),(688,'2017-09-03 13:49:58',0,100,1),(689,'2017-09-03 13:49:58',0,101,1),(690,'2017-09-03 13:49:58',0,102,1),(691,'2017-09-03 13:49:58',0,103,1),(692,'2017-09-03 13:49:58',0,104,1),(693,'2017-09-03 13:49:58',0,105,1),(694,'2017-09-04 14:40:09',0,106,1),(695,'2017-09-04 14:40:09',0,107,1),(696,'2017-09-04 14:40:09',0,108,1),(697,'2017-09-04 14:40:09',0,109,1),(698,'2017-09-04 14:40:09',0,110,1),(699,'2017-09-04 14:40:09',0,111,1),(700,'2017-09-04 14:40:09',0,112,1),(701,'2017-09-04 14:40:09',0,113,1),(702,'2017-09-04 14:40:09',0,114,1),(703,'2017-09-04 14:40:09',0,115,1),(704,'2017-09-04 14:40:09',0,116,1),(705,'2017-09-04 14:40:09',0,117,1),(706,'2017-09-05 14:40:09',0,106,1),(707,'2017-09-05 14:40:09',0,107,1),(708,'2017-09-05 14:40:09',0,108,1),(709,'2017-09-05 14:40:09',0,109,1),(710,'2017-09-05 14:40:09',0,110,1),(711,'2017-09-05 14:40:09',0,111,1),(712,'2017-09-05 14:40:09',0,112,1),(713,'2017-09-05 14:40:09',0,113,1),(714,'2017-09-05 14:40:09',0,114,1),(715,'2017-09-05 14:40:09',0,115,1),(716,'2017-09-05 14:40:09',0,116,1),(717,'2017-09-05 14:40:09',0,117,1),(718,'2017-09-06 14:40:09',0,106,1),(719,'2017-09-06 14:40:09',0,107,1),(720,'2017-09-06 14:40:09',0,108,1),(721,'2017-09-06 14:40:09',0,109,1),(722,'2017-09-06 14:40:09',0,110,1),(723,'2017-09-06 14:40:09',0,111,1),(724,'2017-09-06 14:40:09',0,112,1),(725,'2017-09-06 14:40:09',0,113,1),(726,'2017-09-06 14:40:09',0,114,1),(727,'2017-09-06 14:40:09',0,115,1),(728,'2017-09-06 14:40:09',0,116,1),(729,'2017-09-06 14:40:09',0,117,1),(730,'2017-09-07 14:40:09',0,106,1),(731,'2017-09-07 14:40:09',0,107,1),(732,'2017-09-07 14:40:09',0,108,1),(733,'2017-09-07 14:40:09',0,109,1),(734,'2017-09-07 14:40:09',0,110,1),(735,'2017-09-07 14:40:09',0,111,1),(736,'2017-09-07 14:40:09',0,112,1),(737,'2017-09-07 14:40:09',0,113,1),(738,'2017-09-07 14:40:09',0,114,1),(739,'2017-09-07 14:40:09',0,115,1),(740,'2017-09-07 14:40:09',0,116,1),(741,'2017-09-07 14:40:09',0,117,1),(742,'2017-09-08 14:40:09',0,106,1),(743,'2017-09-08 14:40:09',0,107,1),(744,'2017-09-08 14:40:09',0,108,1),(745,'2017-09-08 14:40:09',0,109,1),(746,'2017-09-08 14:40:09',0,110,1),(747,'2017-09-08 14:40:09',0,111,1),(748,'2017-09-08 14:40:09',0,112,1),(749,'2017-09-08 14:40:09',0,113,1),(750,'2017-09-08 14:40:09',0,114,1),(751,'2017-09-08 14:40:09',0,115,1),(752,'2017-09-08 14:40:09',0,116,1),(753,'2017-09-08 14:40:09',0,117,1),(754,'2017-09-09 14:40:09',0,106,1),(755,'2017-09-09 14:40:09',0,107,1),(756,'2017-09-09 14:40:09',0,108,1),(757,'2017-09-09 14:40:09',0,109,1),(758,'2017-09-09 14:40:09',0,110,1),(759,'2017-09-09 14:40:09',0,111,1),(760,'2017-09-09 14:40:09',0,112,1),(761,'2017-09-09 14:40:09',0,113,1),(762,'2017-09-09 14:40:09',0,114,1),(763,'2017-09-09 14:40:09',0,115,1),(764,'2017-09-09 14:40:09',0,116,1),(765,'2017-09-09 14:40:09',0,117,1),(766,'2017-09-10 14:40:09',0,106,1),(767,'2017-09-10 14:40:09',0,107,1),(768,'2017-09-10 14:40:09',0,108,1),(769,'2017-09-10 14:40:09',0,109,1),(770,'2017-09-10 14:40:09',0,110,1),(771,'2017-09-10 14:40:09',0,111,1),(772,'2017-09-10 14:40:09',0,112,1),(773,'2017-09-10 14:40:09',0,113,1),(774,'2017-09-10 14:40:09',0,114,1),(775,'2017-09-10 14:40:09',0,115,1),(776,'2017-09-10 14:40:09',0,116,1),(777,'2017-09-10 14:40:09',0,117,1),(778,'2017-09-11 16:05:50',0,118,1),(779,'2017-09-11 16:05:50',0,119,1),(780,'2017-09-11 16:05:50',0,120,1),(781,'2017-09-11 16:05:50',0,121,1),(782,'2017-09-11 16:05:50',0,122,1),(783,'2017-09-11 16:05:50',0,123,1),(784,'2017-09-11 16:05:50',0,124,1),(785,'2017-09-11 16:05:50',0,125,1),(786,'2017-09-11 16:05:50',0,126,1),(787,'2017-09-11 16:05:50',0,127,1),(788,'2017-09-11 16:05:50',0,128,1),(789,'2017-09-11 16:05:50',0,129,1),(790,'2017-09-12 16:05:50',0,118,1),(791,'2017-09-12 16:05:50',0,119,1),(792,'2017-09-12 16:05:50',0,120,1),(793,'2017-09-12 16:05:50',0,121,1),(794,'2017-09-12 16:05:50',0,122,1),(795,'2017-09-12 16:05:50',0,123,1),(796,'2017-09-12 16:05:50',0,124,1),(797,'2017-09-12 16:05:50',0,125,1),(798,'2017-09-12 16:05:50',0,126,1),(799,'2017-09-12 16:05:50',0,127,1),(800,'2017-09-12 16:05:50',0,128,1),(801,'2017-09-12 16:05:50',0,129,1),(802,'2017-09-13 16:05:50',0,118,1),(803,'2017-09-13 16:05:50',0,119,1),(804,'2017-09-13 16:05:50',0,120,1),(805,'2017-09-13 16:05:50',0,121,1),(806,'2017-09-13 16:05:50',0,122,1),(807,'2017-09-13 16:05:50',0,123,1),(808,'2017-09-13 16:05:50',0,124,1),(809,'2017-09-13 16:05:50',0,125,1),(810,'2017-09-13 16:05:50',0,126,1),(811,'2017-09-13 16:05:50',0,127,1),(812,'2017-09-13 16:05:50',0,128,1),(813,'2017-09-13 16:05:50',0,129,1),(814,'2017-09-14 16:05:50',0,118,1),(815,'2017-09-14 16:05:50',0,119,1),(816,'2017-09-14 16:05:50',0,120,1),(817,'2017-09-14 16:05:50',0,121,1),(818,'2017-09-14 16:05:50',0,122,1),(819,'2017-09-14 16:05:50',0,123,1),(820,'2017-09-14 16:05:50',0,124,1),(821,'2017-09-14 16:05:50',0,125,1),(822,'2017-09-14 16:05:50',0,126,1),(823,'2017-09-14 16:05:50',0,127,1),(824,'2017-09-14 16:05:50',0,128,1),(825,'2017-09-14 16:05:50',0,129,1),(826,'2017-09-15 16:05:50',0,118,1),(827,'2017-09-15 16:05:50',0,119,1),(828,'2017-09-15 16:05:50',0,120,1),(829,'2017-09-15 16:05:50',0,121,1),(830,'2017-09-15 16:05:50',0,122,1),(831,'2017-09-15 16:05:50',0,123,1),(832,'2017-09-15 16:05:50',0,124,1),(833,'2017-09-15 16:05:50',0,125,1),(834,'2017-09-15 16:05:50',0,126,1),(835,'2017-09-15 16:05:50',0,127,1),(836,'2017-09-15 16:05:50',0,128,1),(837,'2017-09-15 16:05:50',0,129,1),(838,'2017-09-16 16:05:50',0,118,1),(839,'2017-09-16 16:05:50',0,119,1),(840,'2017-09-16 16:05:50',0,120,1),(841,'2017-09-16 16:05:50',0,121,1),(842,'2017-09-16 16:05:50',0,122,1),(843,'2017-09-16 16:05:50',0,123,1),(844,'2017-09-16 16:05:50',0,124,1),(845,'2017-09-16 16:05:50',0,125,1),(846,'2017-09-16 16:05:50',0,126,1),(847,'2017-09-16 16:05:50',0,127,1),(848,'2017-09-16 16:05:50',0,128,1),(849,'2017-09-16 16:05:50',0,129,1),(850,'2017-09-17 16:05:50',0,118,1),(851,'2017-09-17 16:05:50',0,119,1),(852,'2017-09-17 16:05:50',0,120,1),(853,'2017-09-17 16:05:50',0,121,1),(854,'2017-09-17 16:05:50',0,122,1),(855,'2017-09-17 16:05:50',0,123,1),(856,'2017-09-17 16:05:50',0,124,1),(857,'2017-09-17 16:05:50',0,125,1),(858,'2017-09-17 16:05:50',0,126,1),(859,'2017-09-17 16:05:50',0,127,1),(860,'2017-09-17 16:05:50',0,128,1),(861,'2017-09-17 16:05:50',0,129,1),(862,'2017-09-11 16:05:50',0,130,1),(863,'2017-09-12 16:05:50',0,130,1),(864,'2017-09-13 16:05:50',0,130,1),(865,'2017-09-14 16:05:50',0,130,1),(866,'2017-09-15 16:05:50',0,130,1),(867,'2017-09-16 16:05:50',0,130,1),(868,'2017-09-17 16:05:50',0,130,1),(869,'2017-07-03 16:05:50',0,131,1),(870,'2017-07-03 16:05:50',0,132,1),(871,'2017-07-03 16:05:50',0,133,1),(872,'2017-07-03 16:05:50',0,134,1),(873,'2017-07-03 16:05:50',0,135,1),(874,'2017-07-03 16:05:50',0,136,1),(875,'2017-07-03 16:05:50',0,137,1),(876,'2017-07-03 16:05:50',0,138,1),(877,'2017-07-03 16:05:50',0,139,1),(878,'2017-07-03 16:05:50',0,140,1),(879,'2017-07-03 16:05:50',0,141,1),(880,'2017-07-03 16:05:50',0,142,1),(881,'2017-07-04 16:05:50',0,131,1),(882,'2017-07-04 16:05:50',0,132,1),(883,'2017-07-04 16:05:50',0,133,1),(884,'2017-07-04 16:05:50',0,134,1),(885,'2017-07-04 16:05:50',0,135,1),(886,'2017-07-04 16:05:50',0,136,1),(887,'2017-07-04 16:05:50',0,137,1),(888,'2017-07-04 16:05:50',0,138,1),(889,'2017-07-04 16:05:50',0,139,1),(890,'2017-07-04 16:05:50',0,140,1),(891,'2017-07-04 16:05:50',0,141,1),(892,'2017-07-04 16:05:50',0,142,1),(893,'2017-07-05 16:05:50',0,131,1),(894,'2017-07-05 16:05:50',0,132,1),(895,'2017-07-05 16:05:50',0,133,1),(896,'2017-07-05 16:05:50',0,134,1),(897,'2017-07-05 16:05:50',0,135,1),(898,'2017-07-05 16:05:50',0,136,1),(899,'2017-07-05 16:05:50',0,137,1),(900,'2017-07-05 16:05:50',0,138,1),(901,'2017-07-05 16:05:50',0,139,1),(902,'2017-07-05 16:05:50',0,140,1),(903,'2017-07-05 16:05:50',0,141,1),(904,'2017-07-05 16:05:50',0,142,1),(905,'2017-07-06 16:05:50',0,131,1),(906,'2017-07-06 16:05:50',0,132,1),(907,'2017-07-06 16:05:50',0,133,1),(908,'2017-07-06 16:05:50',0,134,1),(909,'2017-07-06 16:05:50',0,135,1),(910,'2017-07-06 16:05:50',0,136,1),(911,'2017-07-06 16:05:50',0,137,1),(912,'2017-07-06 16:05:50',0,138,1),(913,'2017-07-06 16:05:50',0,139,1),(914,'2017-07-06 16:05:50',0,140,1),(915,'2017-07-06 16:05:50',0,141,1),(916,'2017-07-06 16:05:50',0,142,1),(917,'2017-07-07 16:05:50',0,131,1),(918,'2017-07-07 16:05:50',0,132,1),(919,'2017-07-07 16:05:50',0,133,1),(920,'2017-07-07 16:05:50',0,134,1),(921,'2017-07-07 16:05:50',0,135,1),(922,'2017-07-07 16:05:50',0,136,1),(923,'2017-07-07 16:05:50',0,137,1),(924,'2017-07-07 16:05:50',0,138,1),(925,'2017-07-07 16:05:50',0,139,1),(926,'2017-07-07 16:05:50',0,140,1),(927,'2017-07-07 16:05:50',0,141,1),(928,'2017-07-07 16:05:50',0,142,1),(929,'2017-07-08 16:05:50',0,131,1),(930,'2017-07-08 16:05:50',0,132,1),(931,'2017-07-08 16:05:50',0,133,1),(932,'2017-07-08 16:05:50',0,134,1),(933,'2017-07-08 16:05:50',0,135,1),(934,'2017-07-08 16:05:50',0,136,1),(935,'2017-07-08 16:05:50',0,137,1),(936,'2017-07-08 16:05:50',0,138,1),(937,'2017-07-08 16:05:50',0,139,1),(938,'2017-07-08 16:05:50',0,140,1),(939,'2017-07-08 16:05:50',0,141,1),(940,'2017-07-08 16:05:50',0,142,1),(941,'2017-07-09 16:05:50',0,131,1),(942,'2017-07-09 16:05:50',0,132,1),(943,'2017-07-09 16:05:50',0,133,1),(944,'2017-07-09 16:05:50',0,134,1),(945,'2017-07-09 16:05:50',0,135,1),(946,'2017-07-09 16:05:50',0,136,1),(947,'2017-07-09 16:05:50',0,137,1),(948,'2017-07-09 16:05:50',0,138,1),(949,'2017-07-09 16:05:50',0,139,1),(950,'2017-07-09 16:05:50',0,140,1),(951,'2017-07-09 16:05:50',0,141,1),(952,'2017-07-09 16:05:50',0,142,1),(953,'2017-06-26 16:05:50',0,143,1),(954,'2017-06-26 16:05:50',0,144,1),(955,'2017-06-26 16:05:50',0,145,1),(956,'2017-06-26 16:05:50',0,146,1),(957,'2017-06-26 16:05:50',0,147,1),(958,'2017-06-26 16:05:50',0,148,1),(959,'2017-06-26 16:05:50',0,149,1),(960,'2017-06-26 16:05:50',0,150,1),(961,'2017-06-26 16:05:50',0,151,1),(962,'2017-06-26 16:05:50',0,152,1),(963,'2017-06-26 16:05:50',0,153,1),(964,'2017-06-26 16:05:50',0,154,1),(965,'2017-06-27 16:05:50',0,143,1),(966,'2017-06-27 16:05:50',0,144,1),(967,'2017-06-27 16:05:50',0,145,1),(968,'2017-06-27 16:05:50',0,146,1),(969,'2017-06-27 16:05:50',0,147,1),(970,'2017-06-27 16:05:50',0,148,1),(971,'2017-06-27 16:05:50',0,149,1),(972,'2017-06-27 16:05:50',0,150,1),(973,'2017-06-27 16:05:50',0,151,1),(974,'2017-06-27 16:05:50',0,152,1),(975,'2017-06-27 16:05:50',0,153,1),(976,'2017-06-27 16:05:50',0,154,1),(977,'2017-06-28 16:05:50',0,143,1),(978,'2017-06-28 16:05:50',0,144,1),(979,'2017-06-28 16:05:50',0,145,1),(980,'2017-06-28 16:05:50',0,146,1),(981,'2017-06-28 16:05:50',0,147,1),(982,'2017-06-28 16:05:50',0,148,1),(983,'2017-06-28 16:05:50',0,149,1),(984,'2017-06-28 16:05:50',0,150,1),(985,'2017-06-28 16:05:50',0,151,1),(986,'2017-06-28 16:05:50',0,152,1),(987,'2017-06-28 16:05:50',0,153,1),(988,'2017-06-28 16:05:50',0,154,1),(989,'2017-06-29 16:05:50',0,143,1),(990,'2017-06-29 16:05:50',0,144,1),(991,'2017-06-29 16:05:50',0,145,1),(992,'2017-06-29 16:05:50',0,146,1),(993,'2017-06-29 16:05:50',0,147,1),(994,'2017-06-29 16:05:50',0,148,1),(995,'2017-06-29 16:05:50',0,149,1),(996,'2017-06-29 16:05:50',0,150,1),(997,'2017-06-29 16:05:50',0,151,1),(998,'2017-06-29 16:05:50',0,152,1),(999,'2017-06-29 16:05:50',0,153,1),(1000,'2017-06-29 16:05:50',0,154,1),(1001,'2017-06-30 16:05:50',0,143,1),(1002,'2017-06-30 16:05:50',0,144,1),(1003,'2017-06-30 16:05:50',0,145,1),(1004,'2017-06-30 16:05:50',0,146,1),(1005,'2017-06-30 16:05:50',0,147,1),(1006,'2017-06-30 16:05:50',0,148,1),(1007,'2017-06-30 16:05:50',0,149,1),(1008,'2017-06-30 16:05:50',0,150,1),(1009,'2017-06-30 16:05:50',0,151,1),(1010,'2017-06-30 16:05:50',0,152,1),(1011,'2017-06-30 16:05:50',0,153,1),(1012,'2017-06-30 16:05:50',0,154,1),(1013,'2017-07-01 16:05:50',0,143,1),(1014,'2017-07-01 16:05:50',0,144,1),(1015,'2017-07-01 16:05:50',0,145,1),(1016,'2017-07-01 16:05:50',0,146,1),(1017,'2017-07-01 16:05:50',0,147,1),(1018,'2017-07-01 16:05:50',0,148,1),(1019,'2017-07-01 16:05:50',0,149,1),(1020,'2017-07-01 16:05:50',0,150,1),(1021,'2017-07-01 16:05:50',0,151,1),(1022,'2017-07-01 16:05:50',0,152,1),(1023,'2017-07-01 16:05:50',0,153,1),(1024,'2017-07-01 16:05:50',0,154,1),(1025,'2017-07-02 16:05:50',0,143,1),(1026,'2017-07-02 16:05:50',0,144,1),(1027,'2017-07-02 16:05:50',0,145,1),(1028,'2017-07-02 16:05:50',0,146,1),(1029,'2017-07-02 16:05:50',0,147,1),(1030,'2017-07-02 16:05:50',0,148,1),(1031,'2017-07-02 16:05:50',0,149,1),(1032,'2017-07-02 16:05:50',0,150,1),(1033,'2017-07-02 16:05:50',0,151,1),(1034,'2017-07-02 16:05:50',0,152,1),(1035,'2017-07-02 16:05:50',0,153,1),(1036,'2017-07-02 16:05:50',0,154,1),(1037,'2017-06-19 16:05:50',0,155,1),(1038,'2017-06-19 16:05:50',0,156,1),(1039,'2017-06-19 16:05:50',0,157,1),(1040,'2017-06-19 16:05:50',0,158,1),(1041,'2017-06-19 16:05:50',0,159,1),(1042,'2017-06-19 16:05:50',0,160,1),(1043,'2017-06-19 16:05:50',0,161,1),(1044,'2017-06-19 16:05:50',0,162,1),(1045,'2017-06-19 16:05:50',0,163,1),(1046,'2017-06-19 16:05:50',0,164,1),(1047,'2017-06-19 16:05:50',0,165,1),(1048,'2017-06-19 16:05:50',0,166,1),(1049,'2017-06-20 16:05:50',0,155,1),(1050,'2017-06-20 16:05:50',0,156,1),(1051,'2017-06-20 16:05:50',0,157,1),(1052,'2017-06-20 16:05:50',0,158,1),(1053,'2017-06-20 16:05:50',0,159,1),(1054,'2017-06-20 16:05:50',0,160,1),(1055,'2017-06-20 16:05:50',0,161,1),(1056,'2017-06-20 16:05:50',0,162,1),(1057,'2017-06-20 16:05:50',0,163,1),(1058,'2017-06-20 16:05:50',0,164,1),(1059,'2017-06-20 16:05:50',0,165,1),(1060,'2017-06-20 16:05:50',0,166,1),(1061,'2017-06-21 16:05:50',0,155,1),(1062,'2017-06-21 16:05:50',0,156,1),(1063,'2017-06-21 16:05:50',0,157,1),(1064,'2017-06-21 16:05:50',0,158,1),(1065,'2017-06-21 16:05:50',0,159,1),(1066,'2017-06-21 16:05:50',0,160,1),(1067,'2017-06-21 16:05:50',0,161,1),(1068,'2017-06-21 16:05:50',0,162,1),(1069,'2017-06-21 16:05:50',0,163,1),(1070,'2017-06-21 16:05:50',0,164,1),(1071,'2017-06-21 16:05:50',0,165,1),(1072,'2017-06-21 16:05:50',0,166,1),(1073,'2017-06-22 16:05:50',0,155,1),(1074,'2017-06-22 16:05:50',0,156,1),(1075,'2017-06-22 16:05:50',0,157,1),(1076,'2017-06-22 16:05:50',0,158,1),(1077,'2017-06-22 16:05:50',0,159,1),(1078,'2017-06-22 16:05:50',0,160,1),(1079,'2017-06-22 16:05:50',0,161,1),(1080,'2017-06-22 16:05:50',0,162,1),(1081,'2017-06-22 16:05:50',0,163,1),(1082,'2017-06-22 16:05:50',0,164,1),(1083,'2017-06-22 16:05:50',0,165,1),(1084,'2017-06-22 16:05:50',0,166,1),(1085,'2017-06-23 16:05:50',0,155,1),(1086,'2017-06-23 16:05:50',0,156,1),(1087,'2017-06-23 16:05:50',0,157,1),(1088,'2017-06-23 16:05:50',0,158,1),(1089,'2017-06-23 16:05:50',0,159,1),(1090,'2017-06-23 16:05:50',0,160,1),(1091,'2017-06-23 16:05:50',0,161,1),(1092,'2017-06-23 16:05:50',0,162,1),(1093,'2017-06-23 16:05:50',0,163,1),(1094,'2017-06-23 16:05:50',0,164,1),(1095,'2017-06-23 16:05:50',0,165,1),(1096,'2017-06-23 16:05:50',0,166,1),(1097,'2017-06-24 16:05:50',0,155,1),(1098,'2017-06-24 16:05:50',0,156,1),(1099,'2017-06-24 16:05:50',0,157,1),(1100,'2017-06-24 16:05:50',0,158,1),(1101,'2017-06-24 16:05:50',0,159,1),(1102,'2017-06-24 16:05:50',0,160,1),(1103,'2017-06-24 16:05:50',0,161,1),(1104,'2017-06-24 16:05:50',0,162,1),(1105,'2017-06-24 16:05:50',0,163,1),(1106,'2017-06-24 16:05:50',0,164,1),(1107,'2017-06-24 16:05:50',0,165,1),(1108,'2017-06-24 16:05:50',0,166,1),(1109,'2017-06-25 16:05:50',0,155,1),(1110,'2017-06-25 16:05:50',0,156,1),(1111,'2017-06-25 16:05:50',0,157,1),(1112,'2017-06-25 16:05:50',0,158,1),(1113,'2017-06-25 16:05:50',0,159,1),(1114,'2017-06-25 16:05:50',0,160,1),(1115,'2017-06-25 16:05:50',0,161,1),(1116,'2017-06-25 16:05:50',0,162,1),(1117,'2017-06-25 16:05:50',0,163,1),(1118,'2017-06-25 16:05:50',0,164,1),(1119,'2017-06-25 16:05:50',0,165,1),(1120,'2017-06-25 16:05:50',0,166,1),(1121,'2017-06-12 16:05:50',0,167,1),(1122,'2017-06-12 16:05:50',0,168,1),(1123,'2017-06-12 16:05:50',0,169,1),(1124,'2017-06-12 16:05:50',0,170,1),(1125,'2017-06-12 16:05:50',0,171,1),(1126,'2017-06-12 16:05:50',0,172,1),(1127,'2017-06-12 16:05:50',0,173,1),(1128,'2017-06-12 16:05:50',0,174,1),(1129,'2017-06-12 16:05:50',0,175,1),(1130,'2017-06-12 16:05:50',0,176,1),(1131,'2017-06-12 16:05:50',0,177,1),(1132,'2017-06-12 16:05:50',0,178,1),(1133,'2017-06-13 16:05:50',0,167,1),(1134,'2017-06-13 16:05:50',0,168,1),(1135,'2017-06-13 16:05:50',0,169,1),(1136,'2017-06-13 16:05:50',0,170,1),(1137,'2017-06-13 16:05:50',0,171,1),(1138,'2017-06-13 16:05:50',0,172,1),(1139,'2017-06-13 16:05:50',0,173,1),(1140,'2017-06-13 16:05:50',0,174,1),(1141,'2017-06-13 16:05:50',0,175,1),(1142,'2017-06-13 16:05:50',0,176,1),(1143,'2017-06-13 16:05:50',0,177,1),(1144,'2017-06-13 16:05:50',0,178,1),(1145,'2017-06-14 16:05:50',0,167,1),(1146,'2017-06-14 16:05:50',0,168,1),(1147,'2017-06-14 16:05:50',0,169,1),(1148,'2017-06-14 16:05:50',0,170,1),(1149,'2017-06-14 16:05:50',0,171,1),(1150,'2017-06-14 16:05:50',0,172,1),(1151,'2017-06-14 16:05:50',0,173,1),(1152,'2017-06-14 16:05:50',0,174,1),(1153,'2017-06-14 16:05:50',0,175,1),(1154,'2017-06-14 16:05:50',0,176,1),(1155,'2017-06-14 16:05:50',0,177,1),(1156,'2017-06-14 16:05:50',0,178,1),(1157,'2017-06-15 16:05:50',0,167,1),(1158,'2017-06-15 16:05:50',0,168,1),(1159,'2017-06-15 16:05:50',0,169,1),(1160,'2017-06-15 16:05:50',0,170,1),(1161,'2017-06-15 16:05:50',0,171,1),(1162,'2017-06-15 16:05:50',0,172,1),(1163,'2017-06-15 16:05:50',0,173,1),(1164,'2017-06-15 16:05:50',0,174,1),(1165,'2017-06-15 16:05:50',0,175,1),(1166,'2017-06-15 16:05:50',0,176,1),(1167,'2017-06-15 16:05:50',0,177,1),(1168,'2017-06-15 16:05:50',0,178,1),(1169,'2017-06-16 16:05:50',0,167,1),(1170,'2017-06-16 16:05:50',0,168,1),(1171,'2017-06-16 16:05:50',0,169,1),(1172,'2017-06-16 16:05:50',0,170,1),(1173,'2017-06-16 16:05:50',0,171,1),(1174,'2017-06-16 16:05:50',0,172,1),(1175,'2017-06-16 16:05:50',0,173,1),(1176,'2017-06-16 16:05:50',0,174,1),(1177,'2017-06-16 16:05:50',0,175,1),(1178,'2017-06-16 16:05:50',0,176,1),(1179,'2017-06-16 16:05:50',0,177,1),(1180,'2017-06-16 16:05:50',0,178,1),(1181,'2017-06-17 16:05:50',0,167,1),(1182,'2017-06-17 16:05:50',0,168,1),(1183,'2017-06-17 16:05:50',0,169,1),(1184,'2017-06-17 16:05:50',0,170,1),(1185,'2017-06-17 16:05:50',0,171,1),(1186,'2017-06-17 16:05:50',0,172,1),(1187,'2017-06-17 16:05:50',0,173,1),(1188,'2017-06-17 16:05:50',0,174,1),(1189,'2017-06-17 16:05:50',0,175,1),(1190,'2017-06-17 16:05:50',0,176,1),(1191,'2017-06-17 16:05:50',0,177,1),(1192,'2017-06-17 16:05:50',0,178,1),(1193,'2017-06-18 16:05:50',0,167,1),(1194,'2017-06-18 16:05:50',0,168,1),(1195,'2017-06-18 16:05:50',0,169,1),(1196,'2017-06-18 16:05:50',0,170,1),(1197,'2017-06-18 16:05:50',0,171,1),(1198,'2017-06-18 16:05:50',0,172,1),(1199,'2017-06-18 16:05:50',0,173,1),(1200,'2017-06-18 16:05:50',0,174,1),(1201,'2017-06-18 16:05:50',0,175,1),(1202,'2017-06-18 16:05:50',0,176,1),(1203,'2017-06-18 16:05:50',0,177,1),(1204,'2017-06-18 16:05:50',0,178,1),(1205,'2017-06-05 16:05:50',0,179,1),(1206,'2017-06-05 16:05:50',0,180,1),(1207,'2017-06-05 16:05:50',0,181,1),(1208,'2017-06-05 16:05:50',0,182,1),(1209,'2017-06-05 16:05:50',0,183,1),(1210,'2017-06-05 16:05:50',0,184,1),(1211,'2017-06-05 16:05:50',0,185,1),(1212,'2017-06-05 16:05:50',0,186,1),(1213,'2017-06-05 16:05:50',0,187,1),(1214,'2017-06-05 16:05:50',0,188,1),(1215,'2017-06-05 16:05:50',0,189,1),(1216,'2017-06-05 16:05:50',0,190,1),(1217,'2017-06-06 16:05:50',0,179,1),(1218,'2017-06-06 16:05:50',0,180,1),(1219,'2017-06-06 16:05:50',0,181,1),(1220,'2017-06-06 16:05:50',0,182,1),(1221,'2017-06-06 16:05:50',0,183,1),(1222,'2017-06-06 16:05:50',0,184,1),(1223,'2017-06-06 16:05:50',0,185,1),(1224,'2017-06-06 16:05:50',0,186,1),(1225,'2017-06-06 16:05:50',0,187,1),(1226,'2017-06-06 16:05:50',0,188,1),(1227,'2017-06-06 16:05:50',0,189,1),(1228,'2017-06-06 16:05:50',0,190,1),(1229,'2017-06-07 16:05:50',0,179,1),(1230,'2017-06-07 16:05:50',0,180,1),(1231,'2017-06-07 16:05:50',0,181,1),(1232,'2017-06-07 16:05:50',0,182,1),(1233,'2017-06-07 16:05:50',0,183,1),(1234,'2017-06-07 16:05:50',0,184,1),(1235,'2017-06-07 16:05:50',0,185,1),(1236,'2017-06-07 16:05:50',0,186,1),(1237,'2017-06-07 16:05:50',0,187,1),(1238,'2017-06-07 16:05:50',0,188,1),(1239,'2017-06-07 16:05:50',0,189,1),(1240,'2017-06-07 16:05:50',0,190,1),(1241,'2017-06-08 16:05:50',0,179,1),(1242,'2017-06-08 16:05:50',0,180,1),(1243,'2017-06-08 16:05:50',0,181,1),(1244,'2017-06-08 16:05:50',0,182,1),(1245,'2017-06-08 16:05:50',0,183,1),(1246,'2017-06-08 16:05:50',0,184,1),(1247,'2017-06-08 16:05:50',0,185,1),(1248,'2017-06-08 16:05:50',0,186,1),(1249,'2017-06-08 16:05:50',0,187,1),(1250,'2017-06-08 16:05:50',0,188,1),(1251,'2017-06-08 16:05:50',0,189,1),(1252,'2017-06-08 16:05:50',0,190,1),(1253,'2017-06-09 16:05:50',0,179,1),(1254,'2017-06-09 16:05:50',0,180,1),(1255,'2017-06-09 16:05:50',0,181,1),(1256,'2017-06-09 16:05:50',0,182,1),(1257,'2017-06-09 16:05:50',0,183,1),(1258,'2017-06-09 16:05:50',0,184,1),(1259,'2017-06-09 16:05:50',0,185,1),(1260,'2017-06-09 16:05:50',0,186,1),(1261,'2017-06-09 16:05:50',0,187,1),(1262,'2017-06-09 16:05:50',0,188,1),(1263,'2017-06-09 16:05:50',0,189,1),(1264,'2017-06-09 16:05:50',0,190,1),(1265,'2017-06-10 16:05:50',0,179,1),(1266,'2017-06-10 16:05:50',0,180,1),(1267,'2017-06-10 16:05:50',0,181,1),(1268,'2017-06-10 16:05:50',0,182,1),(1269,'2017-06-10 16:05:50',0,183,1),(1270,'2017-06-10 16:05:50',0,184,1),(1271,'2017-06-10 16:05:50',0,185,1),(1272,'2017-06-10 16:05:50',0,186,1),(1273,'2017-06-10 16:05:50',0,187,1),(1274,'2017-06-10 16:05:50',0,188,1),(1275,'2017-06-10 16:05:50',0,189,1),(1276,'2017-06-10 16:05:50',0,190,1),(1277,'2017-06-11 16:05:50',0,179,1),(1278,'2017-06-11 16:05:50',0,180,1),(1279,'2017-06-11 16:05:50',0,181,1),(1280,'2017-06-11 16:05:50',0,182,1),(1281,'2017-06-11 16:05:50',0,183,1),(1282,'2017-06-11 16:05:50',0,184,1),(1283,'2017-06-11 16:05:50',0,185,1),(1284,'2017-06-11 16:05:50',0,186,1),(1285,'2017-06-11 16:05:50',0,187,1),(1286,'2017-06-11 16:05:50',0,188,1),(1287,'2017-06-11 16:05:50',0,189,1),(1288,'2017-06-11 16:05:50',0,190,1),(1289,'2017-08-21 10:07:37',0,191,1),(1290,'2017-08-22 10:07:37',0,191,1),(1291,'2017-08-23 10:07:37',0,191,1),(1292,'2017-08-24 10:07:37',0,191,1),(1293,'2017-08-25 10:07:37',0,191,1),(1294,'2017-08-26 10:07:37',0,191,1),(1295,'2017-08-27 10:07:37',0,191,1),(1296,'2017-09-18 11:54:16',0,192,1),(1297,'2017-09-18 11:54:16',0,193,1),(1298,'2017-09-18 11:54:16',0,194,1),(1299,'2017-09-18 11:54:16',0,195,1),(1300,'2017-09-18 11:54:16',0,196,1),(1301,'2017-09-18 11:54:16',0,197,1),(1302,'2017-09-18 11:54:16',0,198,1),(1303,'2017-09-18 11:54:16',0,199,1),(1304,'2017-09-18 11:54:16',0,200,1),(1305,'2017-09-18 11:54:16',0,201,1),(1306,'2017-09-18 11:54:16',0,202,1),(1307,'2017-09-18 11:54:16',0,203,1),(1308,'2017-09-19 11:54:16',0,192,1),(1309,'2017-09-19 11:54:16',0,193,1),(1310,'2017-09-19 11:54:16',0,194,1),(1311,'2017-09-19 11:54:16',0,195,1),(1312,'2017-09-19 11:54:16',0,196,1),(1313,'2017-09-19 11:54:16',0,197,1),(1314,'2017-09-19 11:54:16',0,198,1),(1315,'2017-09-19 11:54:16',0,199,1),(1316,'2017-09-19 11:54:16',0,200,1),(1317,'2017-09-19 11:54:16',0,201,1),(1318,'2017-09-19 11:54:16',0,202,1),(1319,'2017-09-19 11:54:16',0,203,1),(1320,'2017-09-20 11:54:16',0,192,1),(1321,'2017-09-20 11:54:16',0,193,1),(1322,'2017-09-20 11:54:16',0,194,1),(1323,'2017-09-20 11:54:16',0,195,1),(1324,'2017-09-20 11:54:16',0,196,1),(1325,'2017-09-20 11:54:16',0,197,1),(1326,'2017-09-20 11:54:16',0,198,1),(1327,'2017-09-20 11:54:16',0,199,1),(1328,'2017-09-20 11:54:16',0,200,1),(1329,'2017-09-20 11:54:16',0,201,1),(1330,'2017-09-20 11:54:16',0,202,1),(1331,'2017-09-20 11:54:16',0,203,1),(1332,'2017-09-21 11:54:16',0,192,1),(1333,'2017-09-21 11:54:16',0,193,1),(1334,'2017-09-21 11:54:16',0,194,1),(1335,'2017-09-21 11:54:16',0,195,1),(1336,'2017-09-21 11:54:16',0,196,1),(1337,'2017-09-21 11:54:16',0,197,1),(1338,'2017-09-21 11:54:16',0,198,1),(1339,'2017-09-21 11:54:16',0,199,1),(1340,'2017-09-21 11:54:16',0,200,1),(1341,'2017-09-21 11:54:16',0,201,1),(1342,'2017-09-21 11:54:16',0,202,1),(1343,'2017-09-21 11:54:16',0,203,1),(1344,'2017-09-22 11:54:16',0,192,1),(1345,'2017-09-22 11:54:16',0,193,1),(1346,'2017-09-22 11:54:16',0,194,1),(1347,'2017-09-22 11:54:16',0,195,1),(1348,'2017-09-22 11:54:16',0,196,1),(1349,'2017-09-22 11:54:16',0,197,1),(1350,'2017-09-22 11:54:16',0,198,1),(1351,'2017-09-22 11:54:16',0,199,1),(1352,'2017-09-22 11:54:16',0,200,1),(1353,'2017-09-22 11:54:16',0,201,1),(1354,'2017-09-22 11:54:16',0,202,1),(1355,'2017-09-22 11:54:16',0,203,1),(1356,'2017-09-23 11:54:16',0,192,1),(1357,'2017-09-23 11:54:16',0,193,1),(1358,'2017-09-23 11:54:16',0,194,1),(1359,'2017-09-23 11:54:16',0,195,1),(1360,'2017-09-23 11:54:16',0,196,1),(1361,'2017-09-23 11:54:16',0,197,1),(1362,'2017-09-23 11:54:16',0,198,1),(1363,'2017-09-23 11:54:16',0,199,1),(1364,'2017-09-23 11:54:16',0,200,1),(1365,'2017-09-23 11:54:16',0,201,1),(1366,'2017-09-23 11:54:16',0,202,1),(1367,'2017-09-23 11:54:16',0,203,1),(1368,'2017-09-24 11:54:16',0,192,1),(1369,'2017-09-24 11:54:16',0,193,1),(1370,'2017-09-24 11:54:16',0,194,1),(1371,'2017-09-24 11:54:16',0,195,1),(1372,'2017-09-24 11:54:16',0,196,1),(1373,'2017-09-24 11:54:16',0,197,1),(1374,'2017-09-24 11:54:16',0,198,1),(1375,'2017-09-24 11:54:16',0,199,1),(1376,'2017-09-24 11:54:16',0,200,1),(1377,'2017-09-24 11:54:16',0,201,1),(1378,'2017-09-24 11:54:16',0,202,1),(1379,'2017-09-24 11:54:16',0,203,1),(1380,'2017-09-25 11:54:16',0,204,1),(1381,'2017-09-25 11:54:16',0,205,1),(1382,'2017-09-25 11:54:16',0,206,1),(1383,'2017-09-25 11:54:16',0,207,1),(1384,'2017-09-25 11:54:16',0,208,1),(1385,'2017-09-25 11:54:16',0,209,1),(1386,'2017-09-25 11:54:16',0,210,1),(1387,'2017-09-25 11:54:16',0,211,1),(1388,'2017-09-25 11:54:16',0,212,1),(1389,'2017-09-25 11:54:16',0,213,1),(1390,'2017-09-25 11:54:16',0,214,1),(1391,'2017-09-25 11:54:16',0,215,1),(1392,'2017-09-26 11:54:16',0,204,1),(1393,'2017-09-26 11:54:16',0,205,1),(1394,'2017-09-26 11:54:16',0,206,1),(1395,'2017-09-26 11:54:16',0,207,1),(1396,'2017-09-26 11:54:16',0,208,1),(1397,'2017-09-26 11:54:16',0,209,1),(1398,'2017-09-26 11:54:16',0,210,1),(1399,'2017-09-26 11:54:16',0,211,1),(1400,'2017-09-26 11:54:16',0,212,1),(1401,'2017-09-26 11:54:16',0,213,1),(1402,'2017-09-26 11:54:16',0,214,1),(1403,'2017-09-26 11:54:16',0,215,1),(1404,'2017-09-27 11:54:16',0,204,1),(1405,'2017-09-27 11:54:16',0,205,1),(1406,'2017-09-27 11:54:16',0,206,1),(1407,'2017-09-27 11:54:16',0,207,1),(1408,'2017-09-27 11:54:16',0,208,1),(1409,'2017-09-27 11:54:16',0,209,1),(1410,'2017-09-27 11:54:16',0,210,1),(1411,'2017-09-27 11:54:16',0,211,1),(1412,'2017-09-27 11:54:16',0,212,1),(1413,'2017-09-27 11:54:16',0,213,1),(1414,'2017-09-27 11:54:16',0,214,1),(1415,'2017-09-27 11:54:16',0,215,1),(1416,'2017-09-28 11:54:16',0,204,1),(1417,'2017-09-28 11:54:16',0,205,1),(1418,'2017-09-28 11:54:16',0,206,1),(1419,'2017-09-28 11:54:16',0,207,1),(1420,'2017-09-28 11:54:16',0,208,1),(1421,'2017-09-28 11:54:16',0,209,1),(1422,'2017-09-28 11:54:16',0,210,1),(1423,'2017-09-28 11:54:16',0,211,1),(1424,'2017-09-28 11:54:16',0,212,1),(1425,'2017-09-28 11:54:16',0,213,1),(1426,'2017-09-28 11:54:16',0,214,1),(1427,'2017-09-28 11:54:16',0,215,1),(1428,'2017-09-29 11:54:16',0,204,1),(1429,'2017-09-29 11:54:16',0,205,1),(1430,'2017-09-29 11:54:16',0,206,1),(1431,'2017-09-29 11:54:16',0,207,1),(1432,'2017-09-29 11:54:16',0,208,1),(1433,'2017-09-29 11:54:16',0,209,1),(1434,'2017-09-29 11:54:16',0,210,1),(1435,'2017-09-29 11:54:16',0,211,1),(1436,'2017-09-29 11:54:16',0,212,1),(1437,'2017-09-29 11:54:16',0,213,1),(1438,'2017-09-29 11:54:16',0,214,1),(1439,'2017-09-29 11:54:16',0,215,1),(1440,'2017-09-30 11:54:16',0,204,1),(1441,'2017-09-30 11:54:16',0,205,1),(1442,'2017-09-30 11:54:16',0,206,1),(1443,'2017-09-30 11:54:16',0,207,1),(1444,'2017-09-30 11:54:16',0,208,1),(1445,'2017-09-30 11:54:16',0,209,1),(1446,'2017-09-30 11:54:16',0,210,1),(1447,'2017-09-30 11:54:16',0,211,1),(1448,'2017-09-30 11:54:16',0,212,1),(1449,'2017-09-30 11:54:16',0,213,1),(1450,'2017-09-30 11:54:16',0,214,1),(1451,'2017-09-30 11:54:16',0,215,1),(1452,'2017-10-01 11:54:16',0,204,1),(1453,'2017-10-01 11:54:16',0,205,1),(1454,'2017-10-01 11:54:16',0,206,1),(1455,'2017-10-01 11:54:16',0,207,1),(1456,'2017-10-01 11:54:16',0,208,1),(1457,'2017-10-01 11:54:16',0,209,1),(1458,'2017-10-01 11:54:16',0,210,1),(1459,'2017-10-01 11:54:16',0,211,1),(1460,'2017-10-01 11:54:16',0,212,1),(1461,'2017-10-01 11:54:16',0,213,1),(1462,'2017-10-01 11:54:16',0,214,1),(1463,'2017-10-01 11:54:16',0,215,1),(1464,'2017-05-29 11:54:16',0,216,1),(1465,'2017-05-29 11:54:16',0,217,1),(1466,'2017-05-29 11:54:16',0,218,1),(1467,'2017-05-29 11:54:16',0,219,1),(1468,'2017-05-29 11:54:16',0,220,1),(1469,'2017-05-29 11:54:16',0,221,1),(1470,'2017-05-29 11:54:16',0,222,1),(1471,'2017-05-29 11:54:16',0,223,1),(1472,'2017-05-29 11:54:16',0,224,1),(1473,'2017-05-29 11:54:16',0,225,1),(1474,'2017-05-29 11:54:16',0,226,1),(1475,'2017-05-29 11:54:16',0,227,1),(1476,'2017-05-30 11:54:16',0,216,1),(1477,'2017-05-30 11:54:16',0,217,1),(1478,'2017-05-30 11:54:16',0,218,1),(1479,'2017-05-30 11:54:16',0,219,1),(1480,'2017-05-30 11:54:16',0,220,1),(1481,'2017-05-30 11:54:16',0,221,1),(1482,'2017-05-30 11:54:16',0,222,1),(1483,'2017-05-30 11:54:16',0,223,1),(1484,'2017-05-30 11:54:16',0,224,1),(1485,'2017-05-30 11:54:16',0,225,1),(1486,'2017-05-30 11:54:16',0,226,1),(1487,'2017-05-30 11:54:16',0,227,1),(1488,'2017-05-31 11:54:16',0,216,1),(1489,'2017-05-31 11:54:16',0,217,1),(1490,'2017-05-31 11:54:16',0,218,1),(1491,'2017-05-31 11:54:16',0,219,1),(1492,'2017-05-31 11:54:16',0,220,1),(1493,'2017-05-31 11:54:16',0,221,1),(1494,'2017-05-31 11:54:16',0,222,1),(1495,'2017-05-31 11:54:16',0,223,1),(1496,'2017-05-31 11:54:16',0,224,1),(1497,'2017-05-31 11:54:16',0,225,1),(1498,'2017-05-31 11:54:16',0,226,1),(1499,'2017-05-31 11:54:16',0,227,1),(1500,'2017-06-01 11:54:16',0,216,1),(1501,'2017-06-01 11:54:16',0,217,1),(1502,'2017-06-01 11:54:16',0,218,1),(1503,'2017-06-01 11:54:16',0,219,1),(1504,'2017-06-01 11:54:16',0,220,1),(1505,'2017-06-01 11:54:16',0,221,1),(1506,'2017-06-01 11:54:16',0,222,1),(1507,'2017-06-01 11:54:16',0,223,1),(1508,'2017-06-01 11:54:16',0,224,1),(1509,'2017-06-01 11:54:16',0,225,1),(1510,'2017-06-01 11:54:16',0,226,1),(1511,'2017-06-01 11:54:16',0,227,1),(1512,'2017-06-02 11:54:16',0,216,1),(1513,'2017-06-02 11:54:16',0,217,1),(1514,'2017-06-02 11:54:16',0,218,1),(1515,'2017-06-02 11:54:16',0,219,1),(1516,'2017-06-02 11:54:16',0,220,1),(1517,'2017-06-02 11:54:16',0,221,1),(1518,'2017-06-02 11:54:16',0,222,1),(1519,'2017-06-02 11:54:16',0,223,1),(1520,'2017-06-02 11:54:16',0,224,1),(1521,'2017-06-02 11:54:16',0,225,1),(1522,'2017-06-02 11:54:16',0,226,1),(1523,'2017-06-02 11:54:16',0,227,1),(1524,'2017-06-03 11:54:16',0,216,1),(1525,'2017-06-03 11:54:16',0,217,1),(1526,'2017-06-03 11:54:16',0,218,1),(1527,'2017-06-03 11:54:16',0,219,1),(1528,'2017-06-03 11:54:16',0,220,1),(1529,'2017-06-03 11:54:16',0,221,1),(1530,'2017-06-03 11:54:16',0,222,1),(1531,'2017-06-03 11:54:16',0,223,1),(1532,'2017-06-03 11:54:16',0,224,1),(1533,'2017-06-03 11:54:16',0,225,1),(1534,'2017-06-03 11:54:16',0,226,1),(1535,'2017-06-03 11:54:16',0,227,1),(1536,'2017-06-04 11:54:16',0,216,1),(1537,'2017-06-04 11:54:16',0,217,1),(1538,'2017-06-04 11:54:16',0,218,1),(1539,'2017-06-04 11:54:16',0,219,1),(1540,'2017-06-04 11:54:16',0,220,1),(1541,'2017-06-04 11:54:16',0,221,1),(1542,'2017-06-04 11:54:16',0,222,1),(1543,'2017-06-04 11:54:16',0,223,1),(1544,'2017-06-04 11:54:16',0,224,1),(1545,'2017-06-04 11:54:16',0,225,1),(1546,'2017-06-04 11:54:16',0,226,1),(1547,'2017-06-04 11:54:16',0,227,1);
/*!40000 ALTER TABLE `imputation` ENABLE KEYS */;
UNLOCK TABLES;

--
-- Table structure for table `imputation_line`
--

DROP TABLE IF EXISTS `imputation_line`;
/*!40101 SET @saved_cs_client     = @@character_set_client */;
/*!40101 SET character_set_client = utf8 */;
CREATE TABLE `imputation_line` (
  `imputationLineId` bigint(20) NOT NULL AUTO_INCREMENT,
  `week` int(11) NOT NULL,
  `year` int(11) NOT NULL,
  `CUST_ID` int(11) NOT NULL,
  `WBS_ID` int(11) NOT NULL,
  PRIMARY KEY (`imputationLineId`),
  KEY `FKoaxhgon5uxorf75ghyoc6w4tw` (`CUST_ID`),
  KEY `FKm54nchmvbhg0c5becp00ijsxy` (`WBS_ID`),
  CONSTRAINT `FKm54nchmvbhg0c5becp00ijsxy` FOREIGN KEY (`WBS_ID`) REFERENCES `wbs` (`id_wbs`),
  CONSTRAINT `FKoaxhgon5uxorf75ghyoc6w4tw` FOREIGN KEY (`CUST_ID`) REFERENCES `user` (`userId`)
) ENGINE=InnoDB AUTO_INCREMENT=228 DEFAULT CHARSET=utf8;
/*!40101 SET character_set_client = @saved_cs_client */;

--
-- Dumping data for table `imputation_line`
--

LOCK TABLES `imputation_line` WRITE;
/*!40000 ALTER TABLE `imputation_line` DISABLE KEYS */;
INSERT INTO `imputation_line` VALUES (1,30,2017,1,23),(2,30,2017,1,24),(3,30,2017,1,25),(4,30,2017,1,26),(5,30,2017,1,27),(6,30,2017,1,28),(7,31,2017,1,23),(8,31,2017,1,24),(9,31,2017,1,25),(10,31,2017,1,26),(11,31,2017,1,27),(12,31,2017,1,28),(13,30,2017,1,13),(14,30,2017,1,14),(15,30,2017,1,15),(16,30,2017,1,16),(17,30,2017,1,17),(18,30,2017,1,18),(19,30,2017,1,31),(20,31,2017,1,13),(21,31,2017,1,14),(22,31,2017,1,15),(23,31,2017,1,16),(24,31,2017,1,17),(25,31,2017,1,18),(26,29,2017,1,13),(27,29,2017,1,14),(28,29,2017,1,15),(29,29,2017,1,16),(30,29,2017,1,17),(31,29,2017,1,18),(32,29,2017,1,23),(33,29,2017,1,24),(34,29,2017,1,25),(35,29,2017,1,26),(36,29,2017,1,27),(37,29,2017,1,28),(38,28,2017,1,13),(39,28,2017,1,14),(40,28,2017,1,15),(41,28,2017,1,16),(42,28,2017,1,17),(43,28,2017,1,18),(44,28,2017,1,23),(45,28,2017,1,24),(46,28,2017,1,25),(47,28,2017,1,26),(48,28,2017,1,27),(49,28,2017,1,28),(50,30,2017,1,29),(51,31,2017,1,29),(52,31,2017,1,31),(53,32,2017,1,13),(54,32,2017,1,14),(55,32,2017,1,15),(56,32,2017,1,16),(57,32,2017,1,17),(58,32,2017,1,18),(59,32,2017,1,23),(60,32,2017,1,24),(61,32,2017,1,25),(62,32,2017,1,26),(63,32,2017,1,27),(64,32,2017,1,28),(65,32,2017,1,29),(66,33,2017,1,13),(67,33,2017,1,14),(68,33,2017,1,15),(69,33,2017,1,16),(70,33,2017,1,17),(71,33,2017,1,18),(72,33,2017,1,23),(73,33,2017,1,24),(74,33,2017,1,25),(75,33,2017,1,26),(76,33,2017,1,27),(77,33,2017,1,28),(78,33,2017,1,29),(79,33,2017,1,31),(80,34,2017,1,13),(81,34,2017,1,17),(82,34,2017,1,14),(83,34,2017,1,15),(84,34,2017,1,16),(85,34,2017,1,18),(86,34,2017,1,29),(87,34,2017,1,24),(88,34,2017,1,27),(89,34,2017,1,28),(90,34,2017,1,26),(91,34,2017,1,23),(92,34,2017,1,25),(93,35,2017,1,13),(94,35,2017,1,17),(95,35,2017,1,14),(96,35,2017,1,15),(97,35,2017,1,16),(98,35,2017,1,18),(99,35,2017,1,29),(100,35,2017,1,24),(101,35,2017,1,27),(102,35,2017,1,28),(103,35,2017,1,26),(104,35,2017,1,23),(105,35,2017,1,25),(106,36,2017,1,13),(107,36,2017,1,17),(108,36,2017,1,14),(109,36,2017,1,15),(110,36,2017,1,16),(111,36,2017,1,18),(112,36,2017,1,24),(113,36,2017,1,27),(114,36,2017,1,28),(115,36,2017,1,26),(116,36,2017,1,23),(117,36,2017,1,25),(118,37,2017,1,13),(119,37,2017,1,17),(120,37,2017,1,14),(121,37,2017,1,15),(122,37,2017,1,16),(123,37,2017,1,18),(124,37,2017,1,24),(125,37,2017,1,27),(126,37,2017,1,28),(127,37,2017,1,26),(128,37,2017,1,23),(129,37,2017,1,25),(130,37,2017,1,31),(131,27,2017,1,13),(132,27,2017,1,17),(133,27,2017,1,14),(134,27,2017,1,15),(135,27,2017,1,16),(136,27,2017,1,18),(137,27,2017,1,24),(138,27,2017,1,27),(139,27,2017,1,28),(140,27,2017,1,26),(141,27,2017,1,23),(142,27,2017,1,25),(143,26,2017,1,13),(144,26,2017,1,17),(145,26,2017,1,14),(146,26,2017,1,15),(147,26,2017,1,16),(148,26,2017,1,18),(149,26,2017,1,24),(150,26,2017,1,27),(151,26,2017,1,28),(152,26,2017,1,26),(153,26,2017,1,23),(154,26,2017,1,25),(155,25,2017,1,13),(156,25,2017,1,17),(157,25,2017,1,14),(158,25,2017,1,15),(159,25,2017,1,16),(160,25,2017,1,18),(161,25,2017,1,24),(162,25,2017,1,27),(163,25,2017,1,28),(164,25,2017,1,26),(165,25,2017,1,23),(166,25,2017,1,25),(167,24,2017,1,13),(168,24,2017,1,17),(169,24,2017,1,14),(170,24,2017,1,15),(171,24,2017,1,16),(172,24,2017,1,18),(173,24,2017,1,24),(174,24,2017,1,27),(175,24,2017,1,28),(176,24,2017,1,26),(177,24,2017,1,23),(178,24,2017,1,25),(179,23,2017,1,13),(180,23,2017,1,17),(181,23,2017,1,14),(182,23,2017,1,15),(183,23,2017,1,16),(184,23,2017,1,18),(185,23,2017,1,24),(186,23,2017,1,27),(187,23,2017,1,28),(188,23,2017,1,26),(189,23,2017,1,23),(190,23,2017,1,25),(191,34,2017,1,31),(192,38,2017,1,13),(193,38,2017,1,17),(194,38,2017,1,14),(195,38,2017,1,15),(196,38,2017,1,16),(197,38,2017,1,18),(198,38,2017,1,24),(199,38,2017,1,27),(200,38,2017,1,28),(201,38,2017,1,26),(202,38,2017,1,23),(203,38,2017,1,25),(204,39,2017,1,13),(205,39,2017,1,17),(206,39,2017,1,14),(207,39,2017,1,15),(208,39,2017,1,16),(209,39,2017,1,18),(210,39,2017,1,24),(211,39,2017,1,27),(212,39,2017,1,28),(213,39,2017,1,26),(214,39,2017,1,23),(215,39,2017,1,25),(216,22,2017,1,13),(217,22,2017,1,17),(218,22,2017,1,14),(219,22,2017,1,15),(220,22,2017,1,16),(221,22,2017,1,18),(222,22,2017,1,24),(223,22,2017,1,27),(224,22,2017,1,28),(225,22,2017,1,26),(226,22,2017,1,23),(227,22,2017,1,25);
/*!40000 ALTER TABLE `imputation_line` ENABLE KEYS */;
UNLOCK TABLES;

--
-- Table structure for table `job`
--

DROP TABLE IF EXISTS `job`;
/*!40101 SET @saved_cs_client     = @@character_set_client */;
/*!40101 SET character_set_client = utf8 */;
CREATE TABLE `job` (
  `jobId` bigint(20) NOT NULL AUTO_INCREMENT,
  `jobLabel` varchar(255) DEFAULT NULL,
  PRIMARY KEY (`jobId`)
) ENGINE=InnoDB DEFAULT CHARSET=utf8;
/*!40101 SET character_set_client = @saved_cs_client */;

--
-- Dumping data for table `job`
--

LOCK TABLES `job` WRITE;
/*!40000 ALTER TABLE `job` DISABLE KEYS */;
/*!40000 ALTER TABLE `job` ENABLE KEYS */;
UNLOCK TABLES;

--
-- Table structure for table `job_user`
--

DROP TABLE IF EXISTS `job_user`;
/*!40101 SET @saved_cs_client     = @@character_set_client */;
/*!40101 SET character_set_client = utf8 */;
CREATE TABLE `job_user` (
  `Job_jobId` bigint(20) NOT NULL,
  `users_userId` int(11) NOT NULL,
  PRIMARY KEY (`Job_jobId`,`users_userId`),
  UNIQUE KEY `UK_otqix41jh7ttonyora9sj354n` (`users_userId`),
  CONSTRAINT `FKd82e2kfpoaetnlgpue32ub1ln` FOREIGN KEY (`users_userId`) REFERENCES `user` (`userId`),
  CONSTRAINT `FKp3t10wnj50fboq9iu1tgxywaa` FOREIGN KEY (`Job_jobId`) REFERENCES `job` (`jobId`)
) ENGINE=InnoDB DEFAULT CHARSET=utf8;
/*!40101 SET character_set_client = @saved_cs_client */;

--
-- Dumping data for table `job_user`
--

LOCK TABLES `job_user` WRITE;
/*!40000 ALTER TABLE `job_user` DISABLE KEYS */;
/*!40000 ALTER TABLE `job_user` ENABLE KEYS */;
UNLOCK TABLES;

--
-- Table structure for table `jourferie`
--

DROP TABLE IF EXISTS `jourferie`;
/*!40101 SET @saved_cs_client     = @@character_set_client */;
/*!40101 SET character_set_client = utf8 */;
CREATE TABLE `jourferie` (
  `id_jrFerie` int(11) NOT NULL AUTO_INCREMENT,
  `date_debut` datetime DEFAULT NULL,
  `date_fin` datetime DEFAULT NULL,
  `occasion` varchar(255) DEFAULT NULL,
  `periode` int(11) NOT NULL,
  PRIMARY KEY (`id_jrFerie`)
) ENGINE=InnoDB AUTO_INCREMENT=2 DEFAULT CHARSET=utf8;
/*!40101 SET character_set_client = @saved_cs_client */;

--
-- Dumping data for table `jourferie`
--

LOCK TABLES `jourferie` WRITE;
/*!40000 ALTER TABLE `jourferie` DISABLE KEYS */;
INSERT INTO `jourferie` VALUES (1,'2017-08-01 00:00:00','2017-08-25 00:00:00','Je ne sais pas',25);
/*!40000 ALTER TABLE `jourferie` ENABLE KEYS */;
UNLOCK TABLES;

--
-- Table structure for table `location`
--

DROP TABLE IF EXISTS `location`;
/*!40101 SET @saved_cs_client     = @@character_set_client */;
/*!40101 SET character_set_client = utf8 */;
CREATE TABLE `location` (
  `locationId` int(11) NOT NULL AUTO_INCREMENT,
  `locationName` varchar(255) DEFAULT NULL,
  PRIMARY KEY (`locationId`)
) ENGINE=InnoDB AUTO_INCREMENT=2 DEFAULT CHARSET=utf8;
/*!40101 SET character_set_client = @saved_cs_client */;

--
-- Dumping data for table `location`
--

LOCK TABLES `location` WRITE;
/*!40000 ALTER TABLE `location` DISABLE KEYS */;
INSERT INTO `location` VALUES (1,'Location1');
/*!40000 ALTER TABLE `location` ENABLE KEYS */;
UNLOCK TABLES;

--
-- Table structure for table `suivitechnique`
--

DROP TABLE IF EXISTS `suivitechnique`;
/*!40101 SET @saved_cs_client     = @@character_set_client */;
/*!40101 SET character_set_client = utf8 */;
CREATE TABLE `suivitechnique` (
  `id_suiviTech` int(11) NOT NULL AUTO_INCREMENT,
  `PB` varchar(255) DEFAULT NULL,
  `RAF` float NOT NULL,
  `TS` varchar(255) DEFAULT NULL,
  `actionDate` datetime DEFAULT NULL,
  `avancement` float NOT NULL,
  `date` datetime DEFAULT NULL,
  `heureRealisation` float NOT NULL,
  `heureRef` float NOT NULL,
  `numero` int(11) NOT NULL,
  `statut` varchar(255) DEFAULT NULL,
  `taches` varchar(255) DEFAULT NULL,
  PRIMARY KEY (`id_suiviTech`)
) ENGINE=InnoDB DEFAULT CHARSET=utf8;
/*!40101 SET character_set_client = @saved_cs_client */;

--
-- Dumping data for table `suivitechnique`
--

LOCK TABLES `suivitechnique` WRITE;
/*!40000 ALTER TABLE `suivitechnique` DISABLE KEYS */;
/*!40000 ALTER TABLE `suivitechnique` ENABLE KEYS */;
UNLOCK TABLES;

--
-- Table structure for table `user`
--

DROP TABLE IF EXISTS `user`;
/*!40101 SET @saved_cs_client     = @@character_set_client */;
/*!40101 SET character_set_client = utf8 */;
CREATE TABLE `user` (
  `userId` int(11) NOT NULL AUTO_INCREMENT,
  `centreProfit` varchar(255) DEFAULT NULL,
  `firstName` varchar(255) DEFAULT NULL,
  `groupe` varchar(255) DEFAULT NULL,
  `lastName` varchar(255) DEFAULT NULL,
  `login` varchar(255) DEFAULT NULL,
  `matricule` varchar(255) DEFAULT NULL,
  `actif` bit(1) NOT NULL,
  `profile` int(11) DEFAULT NULL,
  PRIMARY KEY (`userId`)
) ENGINE=InnoDB AUTO_INCREMENT=3 DEFAULT CHARSET=utf8;
/*!40101 SET character_set_client = @saved_cs_client */;

--
-- Dumping data for table `user`
--

LOCK TABLES `user` WRITE;
/*!40000 ALTER TABLE `user` DISABLE KEYS */;
INSERT INTO `user` VALUES (1,NULL,'Younes',NULL,'KHALITI','L025645',NULL,'',NULL),(2,NULL,'Basma',NULL,'EL KADIRI','L025687',NULL,'',NULL);
/*!40000 ALTER TABLE `user` ENABLE KEYS */;
UNLOCK TABLES;

--
-- Table structure for table `wbs`
--

DROP TABLE IF EXISTS `wbs`;
/*!40101 SET @saved_cs_client     = @@character_set_client */;
/*!40101 SET character_set_client = utf8 */;
CREATE TABLE `wbs` (
  `id_wbs` int(11) NOT NULL AUTO_INCREMENT,
  `actif` bit(1) NOT NULL,
  `code` varchar(255) DEFAULT NULL,
  `name` varchar(255) DEFAULT NULL,
  `present` bit(1) NOT NULL,
  `byDefault` bit(1) NOT NULL,
  PRIMARY KEY (`id_wbs`)
) ENGINE=InnoDB AUTO_INCREMENT=33 DEFAULT CHARSET=utf8;
/*!40101 SET character_set_client = @saved_cs_client */;

--
-- Dumping data for table `wbs`
--

LOCK TABLES `wbs` WRITE;
/*!40000 ALTER TABLE `wbs` DISABLE KEYS */;
INSERT INTO `wbs` VALUES (13,'','code 1','Absence diverse','\0',''),(14,'','code 2','Congs Pays','\0',''),(15,'','code 3','Jours fris','\0',''),(16,'','code 4','Maladie','\0',''),(17,'','code 5','Congs excep','\0',''),(18,'','code 6','Rcuprations','\0',''),(23,'\0','NP/14.000004.01','Qualit, Coaching PM+','',''),(24,'\0','NP/14.000004.02','Dlgus, CE','',''),(25,'\0','NP/14.000004.03','Sous-charge','',''),(26,'\0','NP/14.000004.04','Problme Informatique','',''),(27,'\0','NP/14.000004.05','Formation','',''),(28,'\0','NP/14.000004.06','Management','',''),(29,'','PE/17.600043.04.01','Support Travaux JAVA - Mai 2017','','\0'),(31,'','PE/17.600043.05.01','SupportTIP et Travaux VBA/JAVA-Juin','','\0'),(32,'\0','aaaaaaaaa','bbbbbbbbbbbb','\0','\0');
/*!40000 ALTER TABLE `wbs` ENABLE KEYS */;
UNLOCK TABLES;
/*!40103 SET TIME_ZONE=@OLD_TIME_ZONE */;

/*!40101 SET SQL_MODE=@OLD_SQL_MODE */;
/*!40014 SET FOREIGN_KEY_CHECKS=@OLD_FOREIGN_KEY_CHECKS */;
/*!40014 SET UNIQUE_CHECKS=@OLD_UNIQUE_CHECKS */;
/*!40101 SET CHARACTER_SET_CLIENT=@OLD_CHARACTER_SET_CLIENT */;
/*!40101 SET CHARACTER_SET_RESULTS=@OLD_CHARACTER_SET_RESULTS */;
/*!40101 SET COLLATION_CONNECTION=@OLD_COLLATION_CONNECTION */;
/*!40111 SET SQL_NOTES=@OLD_SQL_NOTES */;

-- Dump completed on 2017-12-29 10:21:30
